No,Kode,Nama Bahan Makanan,Karbohidrat (g),Protein (g),Lemak (g),Serat (g),% Karbo,% Protein,% Lemak,Waktu Makan,Kelompok Makanan,Mentah/Olahan
41,AP041,Cake tape,"50,1","4,9","11,5","1,4",75.3,7.4,17.3,B,Serealia,Olahan
42,AP042,Cangkuning,"31,4","2,8","7,5",-,75.3,6.7,18.0,B/L/D,Serealia,Olahan
43,AP043,Dodol bali,"65,9","3,7","2,1","0,4",91.9,5.2,2.9,B/L/D,Serealia,Olahan
44,AP044,Dodol galamai,"76,1","0,4","3,8","0,5",94.8,0.5,4.7,B/L/D,Serealia,Olahan
45,AP045,Dodol kedondong,"63,8","1,9","7,6","1,0",87.0,2.6,10.4,B/L/D,Serealia,Olahan
46,AP046,Dodol manado,"51,9","4,3","16,5","0,4",71.4,5.9,22.7,B/L/D,Serealia,Olahan
47,AP047,Emping beras,"85,3","10,6","2,2","0,2",87.0,10.8,2.2,B/L,Serealia,Olahan
48,AP048,Gemblong,"55,5","1,7","5,4","2,2",88.7,2.7,8.6,B/L/D,Serealia,Olahan
49,AP049,Gendar goreng,"32,0","6,4","28,2","0,1",48.0,9.6,42.3,B/L/D,Serealia,Olahan
50,AP050,Intip goreng,"62,3","7,6","21,6","1,2",68.1,8.3,23.6,B/L/D,Serealia,Olahan
51,AP051,Jagung gerontol,"33,3","2,7","1,3","1,0",89.3,7.2,3.5,B/L/D,Serealia,Olahan
52,AP052,Jagung titi,"79,1","9,4","2,2","0,8",87.2,10.4,2.4,B/L/D,Serealia,Olahan
53,AP053,Japilus,"67,3","1,2","25,1","0,4",71.9,1.3,26.8,B/L/D,Serealia,Olahan
54,AP054,Kakicak,"36,7","3,4","15,1",-,66.5,6.2,27.4,B/L/D,Serealia,Olahan
55,AP055,Kambose,"32,6","3,0","2,4","4,3",85.8,7.9,6.3,B/L/D,Serealia,Olahan
56,AP056,Kapusa,"27,8","4,4","3,2","5,3",78.5,12.4,9.0,B/L/D,Serealia,Olahan
57,AP057,Keddo bodong,"55,2","4,6","5,7",-,84.3,7.0,8.7,B/L/D,Serealia,Olahan
58,AP058,"Kelepon, kue","41,8","3,7","3,7","1,0",85.0,7.5,7.5,B,Serealia,Olahan
59,AP059,Kereput,"51,1","4,8","39,6",-,53.5,5.0,41.5,B/L/D,Serealia,Olahan
60,AP060,Ketoprak,"13,0","7,9","7,7","2,9",45.5,27.6,26.9,L,Serealia,Olahan
61,AP061,Ketupat kandangan,"13,4","2,2","5,2",-,64.4,10.6,25.0,L/D,Serealia,Olahan
62,AP062,Koya,"77,5","4,2","4,3","0,8",90.1,4.9,5.0,B/L/D,Serealia,Olahan
63,AP063,Koya mirasa,"82,2","8,0","1,0","0,4",90.1,8.8,1.1,B/L/D,Serealia,Olahan
64,AP064,Koyabu,"47,2","3,4","4,3",-,86.0,6.2,7.8,B/L/D,Serealia,Olahan
65,AP065,Kue ali,"64,5","3,8","18,5","0,3",74.3,4.4,21.3,B,Serealia,Olahan
66,AP066,Kue bangen,"74,2","3,3","14,7",-,80.5,3.6,15.9,B,Serealia,Olahan
67,AP067,Kue gelang,"70,0","5,8","16,1",-,76.2,6.3,17.5,B,Serealia,Olahan
68,AP068,Kue jahe,"84,6","1,6","8,8","1,2",89.1,1.7,9.3,B,Serealia,Olahan
69,AP069,Kue kelapa,"47,5","5,6","42,1",-,49.9,5.9,44.2,B,Serealia,Olahan
70,AP070,Kue koa,"79,3","4,8","0,4",-,93.8,5.7,0.5,B,Serealia,Olahan
71,AP071,Kue ku temu,"49,6","3,5","0,2",-,93.1,6.6,0.4,B,Serealia,Olahan
72,AP072,Kue lumpur,"44,1","3,6","11,1",-,75.0,6.1,18.9,B,Serealia,Olahan
73,AP073,Kue pelita,"17,6","5,3","5,5",-,62.0,18.7,19.4,B,Serealia,Olahan
74,AP074,Kue putu cangkir,"54,9","5,3","7,0","0,9",81.7,7.9,10.4,B,Serealia,Olahan
75,AP075,Kue sus,"24,8","7,5","10,2",-,58.4,17.6,24.0,B,Serealia,Olahan
76,AP076,Kue thipan,"49,5","2,9","4,2",-,87.5,5.1,7.4,B,Serealia,Olahan
77,AP077,Laksa/Putu mayang,"21,1","1,7","3,4",-,80.5,6.5,13.0,B/L/D,Serealia,Olahan
78,AP078,Lapis legit,"55,5","6,6","15,7","0,5",71.3,8.5,20.2,B/L/D,Serealia,Olahan
79,AP079,Lupis ketan,"34,5","1,8","2,1","0,7",89.8,4.7,5.5,B/L,Serealia,Olahan
80,AP080,Manan samin,"50,6","3,4","18,1",-,70.2,4.7,25.1,B/L/D,Serealia,Olahan
81,AP081,Martabak india,"24,3","4,5","4,2",-,73.6,13.6,12.7,L/D,Serealia,Olahan
82,AP082,Martabak mesir,"45,0","5,1","8,6",-,76.7,8.7,14.7,L/D,Serealia,Olahan
83,AP083,Masekat,"74,1","2,1","7,0","4,0",89.1,2.5,8.4,B/L/D,Serealia,Olahan
84,AP084,Mie aceh rebus,"18,1","3,0","3,2",-,74.5,12.3,13.2,B/L/D,Serealia,Olahan
85,AP085,Mie ayam,"10,5","6,2","3,9",-,51.0,30.1,18.9,B/L/D,Serealia,Olahan
86,AP086,Mie bakso,"16,4","5,3","3,0","0,1",66.4,21.5,12.1,B/L/D,Serealia,Olahan
87,AP087,Mie celon,"17,8","3,0","2,1",-,77.7,13.1,9.2,B/L/D,Serealia,Olahan
88,AP088,Mie pangsit basah,"9,4","5,9","4,9",-,46.5,29.2,24.3,B/L/D,Serealia,Olahan
89,AP089,Nasi gemuk,"24,4","3,8","8,8","0,7",65.9,10.3,23.8,B/L/D,Serealia,Olahan
90,AP090,Nasi gurih,"26,0","4,7","7,5","0,7",68.1,12.3,19.6,B/L/D,Serealia,Olahan
91,AP091,Nasi minyak,"37,1","3,5","5,0","0,8",81.4,7.7,11.0,B/L/D,Serealia,Olahan
92,AP092,Nasi rames,"19,1","10,3","4,2",-,56.8,30.7,12.5,B/L/D,Serealia,Olahan
93,AP093,Nopia spesial,"74,3","5,3","7,6","0,3",85.2,6.1,8.7,B/L/D,Serealia,Olahan
94,AP094,Onde-onde,"57,9","4,0","9,8",-,80.8,5.6,13.7,B/L/D,Serealia,Olahan
95,AP095,Padamaran,"18,8","3,9","8,9",-,59.5,12.3,28.2,B/L/D,Serealia,Olahan
96,AP096,Pastel,"42,4","4,5","13,3",-,70.4,7.5,22.1,B/L/D,Serealia,Olahan
97,AP097,Pulut,"44,4","2,6","3,1",-,88.6,5.2,6.2,B/L/D,Serealia,Olahan
98,AP098,Pundut nasi,"15,1","1,9","4,1","0,4",71.6,9.0,19.4,B/L/D,Serealia,Olahan
99,AP100,Putri selat,"23,8","2,2","6,5",-,73.2,6.8,20.0,B/L/D,Serealia,Olahan
100,AP101,Putu sopa,"41,1","3,3","4,1",-,84.7,6.8,8.5,L/D,Serealia,Olahan
101,AP102,Renggi goreng,"64,1","4,7","21,8","6,4",70.8,5.2,24.1,B/L/D,Serealia,Olahan
102,AP103,Roti boong,"43,3","5,5","16,2",-,66.6,8.5,24.9,B/L,Serealia,Olahan
103,AP104,Roti warna sawo matang,"49,7","7,9","1,5",-,84.1,13.4,2.5,B/L,Serealia,Olahan
104,AP105,Sarimuka,"32,9","2,3","2,8",-,86.6,6.1,7.4,B/L/D,Serealia,Olahan
105,AP106,Spaghetti,"22,6","7,4","2,1",-,70.4,23.1,6.5,B/L/D,Serealia,Olahan
106,AP107,Srikaya ketan,"49,1","2,7","6,4",-,84.4,4.6,11.0,B/L,Serealia,Olahan
107,AP108,Sunduk lawang,"32,4","1,9","1,3",-,91.0,5.3,3.7,B/L/D,Serealia,Olahan
108,AP109,Suwir-suwir,"84,2","0,5","0,9","0,8",98.4,0.6,1.1,B/L/D,Serealia,Olahan
109,AP110,Tipa-tipa,"79,8","6,2","1,2","1,3",91.5,7.1,1.4,B/L/D,Serealia,Olahan
110,AP111,Wajit camilan,"63,3","6,3","2,7","6,9",87.6,8.7,3.7,B/L/D,Serealia,Olahan
111,AP112,Widaran,"80,7","1,3","10,7","0,2",87.1,1.4,11.5,B/L/D,Serealia,Olahan
112,AP113,Wingko babat,"51,4","3,2","15,1","2,4",73.7,4.6,21.7,B/L/D,Serealia,Olahan
113,AP114,Yangko,"58,1","3,0","1,1","0,8",93.4,4.8,1.8,B/L/D,Serealia,Olahan
114,AP99,Putri hijau,"37,2","5,4","2,1",-,83.2,12.1,4.7,B/L/D,Serealia,Olahan
117,AR003,"Beras giling var rojolele, mentah","77,1","8,4","1,7","0,2",88.4,9.6,1.9,L/D,Serealia,Tunggal
119,AR005,"Beras jagung kuning, kering, mentah","82,7","5,5","0,1","10,0",93.7,6.2,0.1,B/L/D,Serealia,Tunggal
120,AR006,"Beras jagung putih, kering, mentah","71,8","4,8","0,1","10,0",93.6,6.3,0.1,B/L/D,Serealia,Tunggal
121,AR007,"Beras ketan hitam tumbuk, mentah","74,5","8,0","2,3","1,0",87.9,9.4,2.7,B/L,Serealia,Tunggal
122,AR008,"Beras ketan putih tumbuk, mentah","78,4","7,4","0,8","0,4",90.5,8.5,0.9,B/L,Serealia,Tunggal
125,AR011,Beras parboiled,"80,0","6,8","0,6","0,5",91.5,7.8,0.7,B/L/D,Serealia,Tunggal
129,AR015,"Jagung muda, kuning, mentah","31,5","5,1","0,7","1,3",84.5,13.7,1.9,B/L/D,Serealia,Tunggal
130,AR016,"Jagung kuning pipil, kering, mentah","69,1","9,8","7,3","2,2",80.2,11.4,8.5,B/L/D,Serealia,Tunggal
131,AR017,"Jagung pipil var. harapan, kering","76,2","6,2","5,1","2,6",87.1,7.1,5.8,B/L/D,Serealia,Tunggal
132,AR018,"Jagung pipil var. metro, kering","78,0","5,5","4,6","2,9",88.5,6.2,5.2,B/L/D,Serealia,Tunggal
136,BP001,"Batatas kelapa, ubi, bakar","23,4","1,4","1,1","4,5",90.3,5.4,4.2,B/L,Umbi,Olahan
137,BP002,"Batatas kelapa, ubi, kukus","21,0","1,2","0,3","4,1",93.3,5.3,1.3,B/L,Umbi,Olahan
138,BP003,"Batatas tali, ubi, rebus","42,2","2,4","0,4","9,2",93.8,5.3,0.9,B/L,Umbi,Olahan
139,BP004,"Belitung, talas, kukus","34,2","1,2","0,4","1,0",95.5,3.4,1.1,B/L/D,Umbi,Olahan
140,BP005,"Bentul, talas, kukus","15,4","2,3","0,3","0,5",85.6,12.8,1.7,B/L/D,Umbi,Olahan
141,BP006,"Gadung, ubi, kukus","20,9","0,6","0,3","0,9",95.9,2.8,1.4,B/L,Umbi,Olahan
142,BP007,"Ganyong, rebus","23,8","0,8","0,2","0,9",96.0,3.2,0.8,B/L/D,Umbi,Olahan
143,BP008,Ketela pohon/singkong kukus,"36,4","1,2","0,3","1,3",96.0,3.2,0.8,B/L,Umbi,Olahan
144,BP009,"Suweg, talas, kukus","21,9","1,5","0,1","0,9",93.2,6.4,0.4,B/L/D,Umbi,Olahan
145,BP010,"Talas bogor, kukus","28,2","1,5","0,3","0,7",94.0,5.0,1.0,B/L/D,Umbi,Olahan
146,BP011,"Ubi jalar, kuning, kukus","23,8","0,7","0,3","1,0",96.0,2.8,1.2,B/L,Umbi,Olahan
147,BP012,Ubi jalar tinta/ kemayung kukus,"39,8","0,9","0,2","1,1",97.3,2.2,0.5,B/L,Umbi,Olahan
148,BP013,Bagea kelapa asin,"78,1","3,2","13,9",-,82.0,3.4,14.6,B/L/D,Umbi,Olahan
149,BP014,Bagea kelapa manis,"80,6","1,3","13,8",-,84.2,1.4,14.4,B/L/D,Umbi,Olahan
150,BP015,Bagea kenari asin,"63,6","3,2","29,1",-,66.3,3.3,30.3,B/L/D,Umbi,Olahan
151,BP016,Bagea kenari manis,"64,2","3,2","28,2",-,67.2,3.3,29.5,B/L/D,Umbi,Olahan
152,BP017,Bagea kw 1,"76,3","6,5","9,4","0,4",82.8,7.0,10.2,B/L/D,Umbi,Olahan
153,BP018,Bagea kw 2,"87,2","0,3","3,5","0,9",95.8,0.3,3.8,B/L/D,Umbi,Olahan
154,BP019,Beras Cerdas,"82,3","2,7","1,1","6,2",95.6,3.1,1.3,B/L/D,Umbi,Olahan
155,BP020,Beras ganyong,"86,3","3,4","0,7","4,7",95.5,3.8,0.8,B/L/D,Umbi,Olahan
156,BP021,Beras Siger,"28,3","1,1","0,2","5,6",95.6,3.7,0.7,B/L/D,Umbi,Olahan
157,BP022,Biji nangka/Biji salak,"51,1","2,3","5,4","8,0",86.9,3.9,9.2,B/L,Umbi,Olahan
158,BP023,Bubur sagu,"33,0","0,2","4,0",-,88.7,0.5,10.8,B/L,Umbi,Olahan
159,BP024,Cassavastick,"17,2","0,8","18,7","1,6",46.9,2.2,51.0,B/L/D,Umbi,Olahan
160,BP025,Ceriping getuk singkong,"67,7","1,2","20,7","0,6",75.6,1.3,23.1,B/L,Umbi,Olahan
161,BP026,Gatot,"83,8","1,3","0,7","5,8",97.7,1.5,0.8,B/L/D,Umbi,Olahan
162,BP027,Geblek,"44,4","0,4","1,7","3,6",95.5,0.9,3.7,B/L/D,Umbi,Olahan
163,BP028,Getuk goreng,"74,3","1,3","6,4","0,8",90.6,1.6,7.8,B/L/D,Umbi,Olahan
164,BP029,Getuk singkong,"47,4","0,5","1,4","0,8",96.1,1.0,2.8,B/L,Umbi,Olahan
165,BP030,Gurandil,"48,5","0,5","2,5","3,1",94.2,1.0,4.9,B/L/D,Umbi,Olahan
166,BP031,Kabuto,"35,4","2,6","2,5","1,8",87.4,6.4,6.2,B/L/D,Umbi,Olahan
167,BP032,Kapurung,"7,8","2,0","0,3","2,0",77.2,19.8,3.0,B/L/D,Umbi,Olahan
168,BP033,Kecimpring singkong goreng,"73,0","1,2","18,6","1,3",78.7,1.3,20.0,B/L,Umbi,Olahan
169,BP034,Keremes,"64,4","1,6","25,2","2,1",70.6,1.8,27.6,B/L/D,Umbi,Olahan
170,BP035,Keripik gadung,"76,0","2,8","14,5","1,7",81.5,3.0,15.5,B/L,Umbi,Olahan
171,BP036,Keripik kentang,"67,1","2,7","18,8","3,8",75.7,3.0,21.2,B/L/D,Umbi,Olahan
172,BP037,Keripik singkong,"72,0","0,9","20,7","2,0",76.9,1.0,22.1,B/L,Umbi,Olahan
173,BP038,Keripik singkong berbumbu,"73,6","2,2","19,7","1,6",77.1,2.3,20.6,B/L,Umbi,Olahan
174,BP039,Keripik ubi,"67,6","0,2","23,9","14,3",73.7,0.2,26.1,B/L,Umbi,Olahan
175,BP040,Kerupuk cumi goreng,"71,3","6,9","14,6","5,0",76.8,7.4,15.7,B/L/D,Umbi,Olahan
176,BP041,Kerupuk kemplang (ikan) mentah,"78,5","1,8","0,4","4,5",97.3,2.2,0.5,L/D,Umbi,Olahan
177,BP042,Kerupuk kemplang goreng,"57,1","5,6","28,1","0,3",62.9,6.2,30.9,B/L/D,Umbi,Olahan
178,BP043,Kerupuk kemplang panggang,"76,9","9,7","1,1","1,0",87.7,11.1,1.3,L/D,Umbi,Olahan
179,BP044,Kerupuk mie kuning goreng,"71,3","0,1","21,1","4,2",77.1,0.1,22.8,B/L/D,Umbi,Olahan
180,BP045,Kerupuk udang goreng,"68,5","4,7","20,5","5,0",73.1,5.0,21.9,L/D,Umbi,Olahan
181,BP046,Kue bangket,"80,3","1,5","1,2",-,96.7,1.8,1.4,B,Umbi,Olahan
182,BP047,Kue putu singkong,"53,2","1,2","0,5","2,4",96.9,2.2,0.9,B,Umbi,Olahan
183,BP048,Lanting getuk,"80,4","0,9","10,8","1,4",87.3,1.0,11.7,B/L/D,Umbi,Olahan
184,BP049,Mi golosor,"15,9","0,2","0,8","0,1",94.1,1.2,4.7,B/L/D,Umbi,Olahan
185,BP050,Mie Bendo,"88,0","0,3",-,"2,4",99.7,0.3,0.0,B/L/D,Umbi,Olahan
186,BP051,Mie Sagu,"46,5","0,2","0,4","1,4",98.7,0.4,0.8,B/L/D,Umbi,Olahan
187,BP052,Ongol-ongol sagu,"21,2","0,3","2,7","0,3",87.6,1.2,11.2,B/L/D,Umbi,Olahan
188,BP053,Oyek,"84,9","0,9","0,9","4,3",97.9,1.0,1.0,B/L/D,Umbi,Olahan
189,BP054,Papeda,"14,9","0,2","0,1","0,5",98.0,1.3,0.7,B/L/D,Umbi,Olahan
190,BP055,Rasbi (Beras Ubi),"76,6","2,2","8,8","6,8",87.4,2.5,10.0,B/L,Umbi,Olahan
191,BP056,Rasi (Beras Singkong),"85,7","0,9","0,4","14,4",98.5,1.0,0.5,B/L,Umbi,Olahan
192,BP057,Sagu forno,"63,4","0,5","4,0",-,93.4,0.7,5.9,B/L/D,Umbi,Olahan
193,BP058,Sagu Lemak (Kue Sagon),"76,8","2,8","14,8","1,1",81.4,3.0,15.7,B,Umbi,Olahan
194,BP059,Sagu manis,"62,4","0,5","3,9",-,93.4,0.7,5.8,B/L/D,Umbi,Olahan
195,BP060,Sagu Rendang,"90,5","0,1","0,2","1,9",99.7,0.1,0.2,L/D,Umbi,Olahan
196,BP061,Sagu sinole,"68,9","0,8","8,3",-,88.3,1.0,10.6,B/L/D,Umbi,Olahan
197,BP062,Serimping talas kebumen,"69,2","2,5","21,2","1,7",74.5,2.7,22.8,B/L/D,Umbi,Olahan
198,BP063,Tapai singkong,"40,2","1,4","0,3","2,0",95.9,3.3,0.7,B/L,Umbi,Olahan
208,BP073,Tiwul,"83,4","2,4","1,1","6,5",96.0,2.8,1.3,B/L/D,Umbi,Olahan
209,BP074,Tiwul Instan,"76,5","3,2","8,5","4,2",86.7,3.6,9.6,B/L/D,Umbi,Olahan
210,BP075,Ubi Cilembu,"44,3","1,9","0,2","3,4",95.5,4.1,0.4,B/L,Umbi,Olahan
211,BP076,Uli batatas,"27,4","1,1","4,0",-,84.3,3.4,12.3,B/L/D,Umbi,Olahan
212,BR001,"Arrowroot, segar","24,1","1,0","0,2","1,7",95.3,4.0,0.8,B/L/D,Umbi,Tunggal
213,BR002,"Batatas gembili, segar","16,0","1,1","0,9","4,2",88.9,6.1,5.0,B/L/D,Umbi,Tunggal
214,BR003,"Batatas kelapa, ubi, segar","21,0","1,1","0,1","4,0",94.6,5.0,0.5,B/L,Umbi,Tunggal
215,BR004,"Belitung, talas, segar","34,2","1,2","0,4","1,5",95.5,3.4,1.1,B/L/D,Umbi,Tunggal
216,BR005,"Bengkuang, segar","12,8","1,4","0,2","1,0",88.9,9.7,1.4,B/L/D,Umbi,Tunggal
217,BR006,"Bentul (Komba), talas, segar","20,9","1,6","0,7","0,7",90.1,6.9,3.0,B/L/D,Umbi,Tunggal
218,BR007,"Gadeng/Gadung, kering","76,6","2,4","0,6",-,96.2,3.0,0.8,B/L/D,Umbi,Tunggal
219,BR008,"Gadung, ubi, segar","23,5","0,9","0,3","2,1",95.1,3.6,1.2,B/L,Umbi,Tunggal
220,BR009,"Ganyong, segar","18,4","0,6","0,2","0,8",95.8,3.1,1.0,B/L/D,Umbi,Tunggal
221,BR010,"Gembili, ubi, segar","31,3","1,1","0,2","1,1",96.0,3.4,0.6,B/L,Umbi,Tunggal
222,BR011,"Hofa/Ubi hutan, segar","29,5","1,2","0,5","3,4",94.6,3.8,1.6,B/L,Umbi,Tunggal
223,BR012,"Kaburan, ubi, segar","32,2","1,0","0,2","0,7",96.4,3.0,0.6,B/L,Umbi,Tunggal
224,BR013,"Kentang, segar","13,5","2,1","0,2","0,5",85.4,13.3,1.3,B/L/D,Umbi,Tunggal
225,BR014,"Kentang hitam, segar","33,7","0,9","0,4","5,4",96.3,2.6,1.1,B/L/D,Umbi,Tunggal
226,BR015,"Keribang, ubi, segar","29,8","1,3","1,1","0,6",92.5,4.0,3.4,B/L,Umbi,Tunggal
227,BR016,"Ketela pohon/ singkong, segar","36,8","1,0","0,3","0,9",96.6,2.6,0.8,B/L,Umbi,Tunggal
228,BR017,Lepok/Ubi rumput,"39,8","2,8","1,2","10,7",90.9,6.4,2.7,B/L,Umbi,Tunggal
229,BR018,"Sagu aren, kering","85,6","0,6","1,1","0,3",98.1,0.7,1.3,B/L/D,Umbi,Tunggal
230,BR019,"Sagu aren, segar","56,6","0,6","0,2","3,2",98.6,1.0,0.3,B/L/D,Umbi,Tunggal
231,BR020,Sagu kasbi segar,"56,5","0,6","0,2","3,0",98.6,1.0,0.3,B/L/D,Umbi,Tunggal
232,BR021,Sagu lempeng,"85,2","0,9","0,3","4,7",98.6,1.0,0.3,B/L/D,Umbi,Tunggal
233,BR022,"Sagu singkong, kering","86,9","0,5","0,3",-,99.1,0.6,0.3,B/L,Umbi,Tunggal
234,BR023,"Sente, talas, segar","84,7","0,7","0,2","6,6",98.9,0.8,0.2,B/L/D,Umbi,Tunggal
235,BR024,"Suweg, talas, segar","17,2","1,4","0,1","1,4",92.0,7.5,0.5,B/L/D,Umbi,Tunggal
236,BR025,"Talas bogor, segar","25,0","1,4","0,4","0,9",93.3,5.2,1.5,B/L/D,Umbi,Tunggal
237,BR026,"Talas pontianak, segar","36,4","2,3","0,5","0,7",92.9,5.9,1.3,B/L/D,Umbi,Tunggal
238,BR027,"Talas viqueque, segar","25,9","1,8","0,5","8,6",91.8,6.4,1.8,B/L/D,Umbi,Tunggal
239,BR028,"Ubi jalar, kuning, segar","25,1","0,5","0,4","4,2",96.5,1.9,1.5,B/L,Umbi,Tunggal
240,BR029,"Ubi jalar manis, segar","18,8","1,5","0,2","0,6",91.7,7.3,1.0,B/L,Umbi,Tunggal
241,BR030,"Ubi jalar merah, segar","35,4","1,6","0,3","0,7",94.9,4.3,0.8,B/L,Umbi,Tunggal
242,BR031,"Ubi jalar putih, segar","20,6","0,4","0,4","4,0",96.3,1.9,1.9,B/L,Umbi,Tunggal
243,BR032,Ubi jalar tinta/ kemayung,"25,6","0,5","0,4","4,2",96.6,1.9,1.5,B/L,Umbi,Tunggal
244,BR033,"Umbi Uwi, segar","82,3","2,8","0,5","2,6",96.1,3.3,0.6,B/L/D,Umbi,Tunggal
245,CP001,"Kacang belimbing (kecipir), rebus","17,5","16,9","8,8","4,8",40.5,39.1,20.4,B/L/D,Kacang,Olahan
246,CP002,"Kacang bogor, goreng","58,9","12,7","23,2","1,2",62.1,13.4,24.5,B/L/D,Kacang,Olahan
247,CP003,"Kacang bogor, rebus","27,1","7,7","2,8","2,0",72.1,20.5,7.4,B/L/D,Kacang,Olahan
248,CP004,"Kacang gude, rebus","27,5","9,0","0,5","3,4",74.3,24.3,1.4,B/L/D,Kacang,Olahan
249,CP005,"Kacang hijau, rebus","18,3","8,7","0,5","1,5",66.5,31.6,1.8,B/L/D,Kacang,Olahan
250,CP006,"Kacang kedelai, goreng","22,9","32,2","37,7","7,6",24.7,34.7,40.6,B/L/D,Kacang,Olahan
251,CP007,"Kacang kedelai, rebus","12,7","20,2","8,2","1,6",30.9,49.1,20.0,B/L/D,Kacang,Olahan
252,CP008,"Kacang merah kering, rebus","28,2","10,3","0,9","2,6",71.6,26.1,2.3,B/L/D,Kacang,Olahan
253,CP009,"Kacang merah segar, rebus","24,7","10,0","1,0","3,5",69.2,28.0,2.8,B/L/D,Kacang,Olahan
254,CP010,"Kacang mete/biji jambu monyet, goreng","19,8","20,4","56,3","1,1",20.5,21.1,58.3,B/L/D,Kacang,Olahan
255,CP011,Kacang tanah rebus dg kulit,"12,8","13,5","31,2",-,22.3,23.5,54.3,B/L/D,Kacang,Olahan
256,CP012,"Kacang tanah, goreng","25,5","25,5","44,4","2,8",26.7,26.7,46.5,B/L/D,Kacang,Olahan
257,CP013,"Kacang tanah, rebus","8,0","10,6","18,0","1,0",21.9,29.0,49.2,B/L/D,Kacang,Olahan
258,CP014,"Kacang tolo / tunggak, rebus","22,6","10,7","1,1","0,9",65.7,31.1,3.2,B/L/D,Kacang,Olahan
259,CP015,Ampas kacang hijau,"19,1","3,7","0,6","2,7",81.6,15.8,2.6,B/L/D,Kacang,Olahan
260,CP016,"Ampas tahu, mentah","8,1","5,0","2,1","4,1",53.3,32.9,13.8,B/L/D,Kacang,Olahan
261,CP017,Ampas tahu kukus,"10,7","4,1","2,1","5,1",63.3,24.3,12.4,B/L/D,Kacang,Olahan
262,CP018,"Ampas tahu, kering","41,3","26,6","18,3",-,47.9,30.9,21.2,B/L/D,Kacang,Olahan
263,CP019,Pepes oncom ampas tahu,"10,6","5,2","1,8","2,2",60.2,29.5,10.2,B/L/D,Kacang,Olahan
264,CP020,Bungkil biji karet,"50,0","29,3","3,3",-,60.5,35.5,4.0,B/L/D,Kacang,Olahan
265,CP021,Bungkil kacang tanah,"30,5","37,4","13,0",-,37.7,46.2,16.1,B/L/D,Kacang,Olahan
266,CP022,Bungkil kelapa,"40,0","23,0","15,0",-,51.3,29.5,19.2,B/L/D,Kacang,Olahan
267,CP023,Dodol banjarmasin,"70,0","2,6","8,6","0,5",86.2,3.2,10.6,B/L/D,Kacang,Olahan
269,CP025,Emping komak,"60,7","17,8","4,6",-,73.0,21.4,5.5,B/L,Kacang,Olahan
270,CP026,Enting-enting gepuk hello kity,"52,6","13,6","30,3","0,2",54.5,14.1,31.4,B/L/D,Kacang,Olahan
271,CP027,Enting-enting gepuk kacang tanah,"52,0","13,3","29,2","0,2",55.0,14.1,30.9,B/L/D,Kacang,Olahan
272,CP028,Enting-enting wijen,"36,8","18,2","38,4","1,9",39.4,19.5,41.1,B/L/D,Kacang,Olahan
273,CP029,Geplak,"53,6","1,4","14,4","1,8",77.2,2.0,20.7,B/L/D,Kacang,Olahan
274,CP030,Geplak jahe,"57,7","3,1","24,4","3,3",67.7,3.6,28.6,B/L/D,Kacang,Olahan
275,CP031,Kacang atom,"28,8","27,8","38,1","2,5",30.4,29.4,40.2,B/L/D,Kacang,Olahan
276,CP032,Kacang goyang,"44,4","14,7","31,1",-,49.2,16.3,34.5,B/L/D,Kacang,Olahan
277,CP033,Kacang negara,"58,5","18,4","19,1","11,7",60.9,19.2,19.9,B/L/D,Kacang,Olahan
278,CP034,Kacang sukro,"57,7","8,8","26,1","1,8",62.3,9.5,28.2,B/L/D,Kacang,Olahan
279,CP035,Kacang tanah sari,"26,0","25,5","43,8","2,2",27.3,26.8,46.0,B/L/D,Kacang,Olahan
280,CP036,Keju kacang tanah (peanut butter),"20,9","27,0","49,0","1,6",21.6,27.9,50.6,B/L/D,Kacang,Olahan
281,CP037,Kembang tahu,"23,3","48,9","13,8",-,27.1,56.9,16.0,B/L/D,Kacang,Olahan
282,CP038,Kembang tahu rebus,"4,7","10,7","4,0",-,24.2,55.2,20.6,B/L/D,Kacang,Olahan
283,CP039,Keripik oncom,"42,6","8,3","43,8","3,3",45.0,8.8,46.3,B/L,Kacang,Olahan
284,CP040,Keripik tempe,"41,7","12,1","40,6","2,2",44.2,12.8,43.0,B/L/D,Kacang,Olahan
285,CP041,Keripik tempe abadi besar,"39,8","15,8","37,1","3,5",42.9,17.0,40.0,B/L/D,Kacang,Olahan
286,CP042,Keripik tempe abadi murni,"11,6","40,3","42,4","2,2",12.3,42.7,45.0,B/L/D,Kacang,Olahan
287,CP043,Keripik tempe abadi sedang,"52,4","12,3","27,9","3,6",56.6,13.3,30.1,B/L/D,Kacang,Olahan
288,CP044,Keripik tempe abadi telur,"40,2","20,8","31,7","3,0",43.4,22.4,34.2,B/L/D,Kacang,Olahan
289,CP045,Keripik tempe abadi prima,"42,0","16,7","33,9","2,2",45.4,18.0,36.6,B/L/D,Kacang,Olahan
290,CP046,Kwaci,"13,8","30,6","42,1","13,6",16.0,35.4,48.7,B/L/D,Kacang,Olahan
291,CP047,Melinjo emping tebal goreng manis,"65,7","10,0","16,4",-,71.3,10.9,17.8,B/L/D,Kacang,Olahan
292,CP048,"Melinjo emping tebal, goreng asin","63,0","11,1","16,2",-,69.8,12.3,17.9,B/L/D,Kacang,Olahan
293,CP049,Melinjo emping tipis goreng,"59,1","11,5","24,5",-,62.1,12.1,25.8,B/L/D,Kacang,Olahan
294,CP050,Moon tahu,"1,3","8,0","10,0","0,2",6.7,41.5,51.8,B/L/D,Kacang,Olahan
295,CP051,Oncom,"22,6","13,0","6,0",-,54.3,31.2,14.4,B/L/D,Kacang,Olahan
296,CP052,Oncom ampas kacang hijau,"65,7","14,9","6,0","12,3",75.9,17.2,6.9,B/L/D,Kacang,Olahan
297,CP053,Oncom kacang hijau + singkong,"65,9","11,0","5,3","9,0",80.2,13.4,6.4,B/L/D,Kacang,Olahan
298,CP054,Oncom kacang tanah pepes,"13,7","12,7","3,8","3,1",45.4,42.1,12.6,B/L/D,Kacang,Olahan
299,CP055,Rempeyek kacang tanah,"44,3","17,5","32,5","1,7",47.0,18.6,34.5,B/L/D,Kacang,Olahan
300,CP056,Rempeyek kacang tolo,"59,7","11,2","20,2","1,8",65.5,12.3,22.2,B/L/D,Kacang,Olahan
301,CP057,Rempeyek kacang uci,"50,8","17,0","27,6","2,4",53.2,17.8,28.9,B/L/D,Kacang,Olahan
302,CP058,Sayur lebui,"12,5","2,1","0,6","5,7",82.2,13.8,3.9,B/L/D,Kacang,Olahan
304,CP060,Susu kedelai,"5,0","3,5","2,5","0,2",45.5,31.8,22.7,L/D,Kacang,Olahan
305,CP061,"Tahu, mentah","0,8","10,9","4,7","0,1",4.9,66.5,28.7,B/L/D,Kacang,Olahan
306,CP062,Tahu goreng,"2,5","9,7","8,5","0,1",12.1,46.9,41.1,B/L/D,Kacang,Olahan
307,CP063,Tahu telur,"24,6","12,6","19,9","0,4",43.1,22.1,34.9,B/L/D,Kacang,Olahan
308,CP064,Takwa,"4,0","13,8","8,5",-,15.2,52.5,32.3,B/L/D,Kacang,Olahan
309,CP065,Tauco,"22,2","11,4","5,5","1,9",56.8,29.2,14.1,B/L/D,Kacang,Olahan
310,CP066,"Tauco cap beruang, cake","67,6","7,4","5,2","3,2",84.3,9.2,6.5,B,Kacang,Olahan
311,CP067,"Tauco cap DAS, cake","70,4","7,5","4,3","3,1",85.6,9.1,5.2,B,Kacang,Olahan
312,CP068,Tauco cap meong,"21,3","7,4","4,9","1,6",63.4,22.0,14.6,B/L/D,Kacang,Olahan
313,CP069,Tauji cap singa,"49,6","9,1","4,7","1,2",78.2,14.4,7.4,B/L/D,Kacang,Olahan
314,CP070,Tempe bongkrek,"18,3","4,4","3,5",-,69.8,16.8,13.4,B/L/D,Kacang,Olahan
315,CP071,Tempe gembus P3G,"10,3","5,7","1,3","4,2",59.5,32.9,7.5,B/L/D,Kacang,Olahan
316,CP072,Tempe gembus yogya,"10,6","6,8","0,7","5,3",58.6,37.6,3.9,B/L/D,Kacang,Olahan
317,CP073,Tempe kacang babi,"21,9","12,5","0,8","1,8",62.2,35.5,2.3,L/D,Kacang,Olahan
318,CP074,Tempe kecipir (kacang belimbing),"12,9","17,5","10,0","2,9",31.9,43.3,24.8,B/L/D,Kacang,Olahan
319,CP075,Tempe kedelai + jagung,"11,4","12,0","5,5","1,9",39.4,41.5,19.0,B/L/D,Kacang,Olahan
320,CP076,"Tempe kedelai murni, goreng","10,4","24,5","26,6","4,2",16.9,39.8,43.3,B/L/D,Kacang,Olahan
321,CP077,"Tempe kedelai murni, mentah","13,5","20,8","8,8","1,4",31.3,48.3,20.4,B/L/D,Kacang,Olahan
322,CP078,Tempe koro benguk,"23,2","10,2","1,3",-,66.9,29.4,3.7,B/L/D,Kacang,Olahan
323,CP079,Tempe lamtoro,"21,3","10,7","0,5","7,1",65.5,32.9,1.5,B/L/D,Kacang,Olahan
324,CP080,Tempe lamtoro var. gung dengan kulit,"19,6","11,7","2,3","7,6",58.3,34.8,6.8,B/L/D,Kacang,Olahan
325,CP081,Tempe lamtoro var. gung tanpa kulit,"13,0","18,0","0,8","1,3",40.9,56.6,2.5,B/L/D,Kacang,Olahan
326,CP082,Tempe pasar,"9,1","14,0","7,7","1,4",29.5,45.5,25.0,B/L/D,Kacang,Olahan
327,CP083,Tempe pasar goreng,"7,8","20,0","28,0","3,4",14.0,35.8,50.2,B/L/D,Kacang,Olahan
331,CR001,"Kacang arab, kering","60,2","23,8","1,4","17,4",70.5,27.9,1.6,B/L/D,Kacang,Tunggal
332,CR002,"Kacang babi, kering","51,3","30,4","3,2","4,5",60.4,35.8,3.8,L/D,Kacang,Tunggal
333,CR003,"Kacang belimbing (kecipir), kering","34,1","34,4","16,9","10,7",39.9,40.3,19.8,B/L/D,Kacang,Tunggal
334,CR004,"Kacang beracun, segar","21,6","4,4","1,5",-,78.5,16.0,5.5,B/L/D,Kacang,Tunggal
335,CR005,"Kacang bogor, kering","65,0","16,0","6,0","26,3",74.7,18.4,6.9,B/L/D,Kacang,Tunggal
336,CR006,"Kacang bogor, segar","27,4","7,7","3,1","2,5",71.7,20.2,8.1,B/L/D,Kacang,Tunggal
337,CR007,"Kacang endel, biji, kering","58,0","25,0","1,0","23,6",69.0,29.8,1.2,B/L/D,Kacang,Tunggal
338,CR008,"Kacang ercis, segar","18,3","12,4","0,7","28,6",58.3,39.5,2.2,B/L/D,Kacang,Tunggal
339,CR009,"Kacang galing, segar","59,5","23,1","1,7",-,70.6,27.4,2.0,B/L/D,Kacang,Tunggal
340,CR010,"Kacang gude, biji, kering","58,0","20,7","1,0","4,6",72.8,26.0,1.3,B/L/D,Kacang,Tunggal
341,CR011,"Kacang gude, biji, segar","20,8","7,0","0,6","4,4",73.2,24.6,2.1,B/L/D,Kacang,Tunggal
342,CR012,"Kacang hijau var. bakti, kering","70,7","17,1","1,8","5,7",78.9,19.1,2.0,B/L/D,Kacang,Tunggal
343,CR013,"Kacang hijau var. siwalik, kering","64,6","20,8","2,1","7,4",73.8,23.8,2.4,B/L/D,Kacang,Tunggal
344,CR014,"Kacang hijau, kering","56,8","22,9","1,5","7,5",70.0,28.2,1.8,B/L/D,Kacang,Tunggal
345,CR015,"Kacang hitam, kering","66,1","16,6","1,7","22,8",78.3,19.7,2.0,B/L/D,Kacang,Tunggal
346,CR016,"Kacang kapri, segar","17,7","6,7","0,4","6,2",71.4,27.0,1.6,B/L/D,Kacang,Tunggal
347,CR017,"Kacang kedelai, kering","24,9","40,4","16,7","3,2",30.4,49.3,20.4,B/L/D,Kacang,Tunggal
348,CR018,"Kacang kedelai, segar","30,1","30,2","15,6",-,39.7,39.8,20.6,B/L/D,Kacang,Tunggal
349,CR019,"Kacang kincai, kering","55,0","19,9","16,0",-,60.5,21.9,17.6,B/L/D,Kacang,Tunggal
350,CR020,"Kacang komak, segar","55,8","16,4","4,3","0,5",72.9,21.4,5.6,B/L/D,Kacang,Tunggal
351,CR021,"Kacang kuning, kering","66,0","17,0","2,5","15,1",77.2,19.9,2.9,B/L/D,Kacang,Tunggal
352,CR022,"Kacang lebui /iris, kering","66,6","16,5","1,5","37,3",78.7,19.5,1.8,B/L/D,Kacang,Tunggal
353,CR023,"Kacang mentega, kering","64,6","16,7","2,1","13,0",77.5,20.0,2.5,B/L/D,Kacang,Tunggal
354,CR024,"Kacang merah/banda, kering","66,9","13,9","3,0","26,3",79.8,16.6,3.6,B/L/D,Kacang,Tunggal
355,CR025,"Kacang merah tua, kering","63,2","16,7","1,6","4,6",77.5,20.5,2.0,B/L/D,Kacang,Tunggal
356,CR026,"Kacang merah, kering","56,2","22,1","1,1","4,0",70.8,27.8,1.4,B/L/D,Kacang,Tunggal
357,CR027,"Kacang merah, segar","28,0","11,0","2,2","2,1",68.0,26.7,5.3,B/L/D,Kacang,Tunggal
358,CR028,"Kacang mete/biji jambu monyet, segar","28,7","16,3","48,4","0,9",30.7,17.5,51.8,B/L/D,Kacang,Tunggal
359,CR029,"Kacang panjang, biji, kering","68,6","17,3","1,5","10,6",78.5,19.8,1.7,B/L/D,Kacang,Tunggal
360,CR030,Kacang tanah sangan,"24,1","29,5","43,0","2,9",24.9,30.5,44.5,B/L/D,Kacang,Tunggal
361,CR031,Kacang tanah sangan tanpa selaput,"23,6","26,9","44,2","2,6",24.9,28.4,46.7,B/L/D,Kacang,Tunggal
362,CR032,"Kacang tanah, kering","17,4","27,9","42,7","2,4",19.8,31.7,48.5,B/L/D,Kacang,Tunggal
363,CR033,"Kacang tolo / tunggak, kering","56,6","24,4","1,9","1,6",68.3,29.4,2.3,B/L/D,Kacang,Tunggal
364,CR034,"Kacang tunis, kering","72,9","12,2","1,2","29,5",84.5,14.1,1.4,B/L/D,Kacang,Tunggal
365,CR035,"Kacang uci, kering","60,6","23,4","2,4","7,4",70.1,27.1,2.8,B/L/D,Kacang,Tunggal
366,CR036,"Kacang urei, kering","69,3","12,8","1,8","26,1",82.6,15.3,2.1,B/L/D,Kacang,Tunggal
367,CR037,"Kenari banda, kering","13,7","13,9","56,2",-,16.3,16.6,67.1,B/L/D,Kacang,Tunggal
368,CR038,"Kenari, kering","13,0","15,0","66,0",-,13.8,16.0,70.2,B/L/D,Kacang,Tunggal
369,CR039,"Komak polong, segar","21,2","3,3","0,1","10,3",86.2,13.4,0.4,B/L/D,Kacang,Tunggal
370,CR040,"Koro andong, kering","61,6","20,5","4,1","7,0",71.5,23.8,4.8,B/L/D,Kacang,Tunggal
371,CR041,"Koro benguk, biji, kering","55,0","24,0","3,0","5,6",67.1,29.3,3.7,B/L/D,Kacang,Tunggal
373,CR043,"Koro loke, biji, segar","7,9","2,7","0,2","3,5",73.1,25.0,1.9,B/L/D,Kacang,Tunggal
374,CR044,"Koro roay, kering","69,4","12,5","2,1","7,5",82.6,14.9,2.5,B/L/D,Kacang,Tunggal
375,CR045,"Koro wedus, biji, kering","61,0","22,2","1,5","5,8",72.0,26.2,1.8,B/L/D,Kacang,Tunggal
376,CR046,"Lamtoro biji, muda, segar","15,4","5,7","0,3","10,8",72.0,26.6,1.4,B/L/D,Kacang,Tunggal
377,CR047,"Lamtoro biji, tua, segar","26,2","10,6","0,5","17,0",70.2,28.4,1.3,B/L/D,Kacang,Tunggal
378,CR048,Lamtoro var. gung tanpa kulit,"32,5","46,4","5,4","2,6",38.6,55.0,6.4,B/L/D,Kacang,Tunggal
379,CR049,Lamtoro var. lokal dengan kulit,"59,7","23,8","1,2","15,4",70.5,28.1,1.4,B/L/D,Kacang,Tunggal
380,CR050,"Nangka, biji, segar","36,7","4,2","0,1","1,8",89.5,10.2,0.2,B/L,Kacang,Tunggal
383,DP001,"Bayam, kukus","5,8","1,3","0,7","1,2",74.4,16.7,9.0,L/D,Sayur,Olahan
384,DP002,"Bayam, rebus","3,7","1,2","0,6","1,1",67.3,21.8,10.9,L/D,Sayur,Olahan
385,DP003,"Buncis, rebus","6,4","2,2","0,2","1,5",72.7,25.0,2.3,L/D,Sayur,Olahan
386,DP004,"Daun kacang panjang, kukus","8,0","3,7","0,3","1,8",66.7,30.8,2.5,B/L/D,Sayur,Olahan
387,DP005,"Daun katuk, rebus","9,1","5,3","0,9","1,2",59.5,34.6,5.9,B/L/D,Sayur,Olahan
388,DP006,"Daun kelor, rebus","10,0","6,1","0,9","0,9",58.8,35.9,5.3,B/L/D,Sayur,Olahan
389,DP007,"Daun mengkudu, kukus","11,5","3,8","1,5","2,4",68.5,22.6,8.9,B/L/D,Sayur,Olahan
390,DP008,"Daun singkong, rebus","4,8","3,7","0,6","1,6",52.7,40.7,6.6,B/L,Sayur,Olahan
391,DP009,"Daun talas, rebus","5,9","1,3","0,2","1,6",79.7,17.6,2.7,B/L/D,Sayur,Olahan
392,DP010,"Daun ubi merah, kukus","13,0","3,1","0,3","1,5",79.3,18.9,1.8,B/L,Sayur,Olahan
393,DP011,"Kacang panjang, kukus","7,6","3,0","0,6","1,7",67.9,26.8,5.4,B/L/D,Sayur,Olahan
394,DP012,"Kacang panjang, rebus","5,8","2,3","0,4","1,4",68.2,27.1,4.7,B/L/D,Sayur,Olahan
395,DP013,"Kangkung, kukus","4,7","3,2","0,7","1,8",54.7,37.2,8.1,L/D,Sayur,Olahan
396,DP014,"Kangkung, rebus","3,1","2,5","0,6","1,2",50.0,40.3,9.7,L/D,Sayur,Olahan
397,DP015,"Paria putih, kukus","3,4","0,8","0,2","1,2",77.3,18.2,4.5,B/L/D,Sayur,Olahan
398,DP016,"Selada, rebus","2,9","2,7","0,2","0,7",50.0,46.6,3.4,B/L,Sayur,Olahan
399,DP017,"Taoge, goreng","14,0","3,2","2,1","0,7",72.5,16.6,10.9,B/L/D,Sayur,Olahan
400,DP018,"Taoge, seduh","4,0","3,0","0,8","1,0",51.3,38.5,10.3,B/L/D,Sayur,Olahan
401,DP019,"Terung panjang, kukus","4,9","1,8","0,1","0,4",72.1,26.5,1.5,B/L/D,Sayur,Olahan
402,DP020,"Wortel, rebus","6,3","0,7","0,5","0,8",84.0,9.3,6.7,L/D,Sayur,Olahan
403,DP021,"Wortel, kukus","8,3","1,0","0,6","1,1",83.8,10.1,6.1,L/D,Sayur,Olahan
404,DP022,"Asinan Bogor, sayuran","14,8","3,9","2,6","0,5",69.5,18.3,12.2,B/L/D,Sayur,Olahan
405,DP023,"Anyang, sayur","10,3","3,4","7,9","5,4",47.7,15.7,36.6,B/L/D,Sayur,Olahan
406,DP024,"Ares, sayur","11,2","0,9","7,2","4,7",58.0,4.7,37.3,B/L/D,Sayur,Olahan
407,DP025,Arwan sirsir,"10,7","2,4","25,0","4,6",28.1,6.3,65.6,B/L/D,Sayur,Olahan
408,DP026,Beberuk,"3,5","1,1","5,2","3,1",35.7,11.2,53.1,B/L/D,Sayur,Olahan
409,DP027,Botok lamtoro,"13,0","11,7","9,7","2,1",37.8,34.0,28.2,B/L/D,Sayur,Olahan
410,DP028,Buntil daun talas,"8,0","4,4","10,2","1,8",35.4,19.5,45.1,B/L/D,Sayur,Olahan
411,DP029,Cammetutu,"8,7","3,2","6,0","4,3",48.6,17.9,33.5,B/L/D,Sayur,Olahan
412,DP030,"Cap cai, sayur","4,2","5,8","6,3","0,6",25.8,35.6,38.7,B/L/D,Sayur,Olahan
413,DP031,Gado-gado,"21,0","6,1","3,2","1,1",69.3,20.1,10.6,L,Sayur,Olahan
414,DP032,"Gudeg, sayur","16,0","3,3","9,2","2,3",56.1,11.6,32.3,B/L/D,Sayur,Olahan
415,DP033,Gulai pakis,"6,0","4,0","11,4","1,4",28.0,18.7,53.3,L/D,Sayur,Olahan
416,DP034,Gulai pliek,"3,2","7,3","14,9",-,12.6,28.7,58.7,L/D,Sayur,Olahan
417,DP035,Kadada katembe,"7,1","4,5","6,9","3,9",38.4,24.3,37.3,B/L/D,Sayur,Olahan
418,DP036,"Kaparende, sayur","2,6","2,4","2,0","1,5",37.1,34.3,28.6,L/D,Sayur,Olahan
419,DP037,"Karedok, sayur","14,1","2,2","3,3","1,4",71.9,11.2,16.8,B/L/D,Sayur,Olahan
420,DP038,Keripik bayam,"50,2","4,9","40,6","0,5",52.5,5.1,42.4,L/D,Sayur,Olahan
421,DP039,Kotiu hinela tawang nggole,"6,0","2,2","1,5","3,8",61.9,22.7,15.5,B/L/D,Sayur,Olahan
422,DP040,Lema/Rebung asam,"1,9","1,0","0,4",-,57.6,30.3,12.1,L/D,Sayur,Olahan
423,DP041,Lilin bungkus gedi,"5,8","2,3","5,2","2,5",43.6,17.3,39.1,B/L/D,Sayur,Olahan
424,DP042,Olah-olah,"7,1","2,1","6,0","4,4",46.7,13.8,39.5,B/L/D,Sayur,Olahan
425,DP043,Paku hinela wulelenggapaya,"5,4","3,5","4,6","3,6",40.0,25.9,34.1,L/D,Sayur,Olahan
426,DP044,Pelecing kangkung,"10,0","2,5","2,8","5,4",65.4,16.3,18.3,L/D,Sayur,Olahan
427,DP045,Purundawa,"3,6","1,5","0,5","1,7",64.3,26.8,8.9,B/L/D,Sayur,Olahan
428,DP046,Rujak cingur,"8,0","11,3","8,4","1,4",28.9,40.8,30.3,B/L,Sayur,Olahan
429,DP047,Sayur asem,"5,0","0,7","0,6","0,6",79.4,11.1,9.5,B/L/D,Sayur,Olahan
430,DP048,Sayur bunga pepaya,"9,8","1,7","0,3","2,7",83.1,14.4,2.5,B/L,Sayur,Olahan
431,DP049,Sayur garu,"10,6","2,6","13,9","8,4",39.1,9.6,51.3,B/L/D,Sayur,Olahan
432,DP050,Sayur kohu-kohu,"11,2","7,3","6,6","1,2",44.6,29.1,26.3,B/L/D,Sayur,Olahan
433,DP051,Sayur lilin-terubuk,"4,8","2,7","0,7","1,4",58.5,32.9,8.5,B/L/D,Sayur,Olahan
434,DP052,Sayur ndusuk,"3,6","3,1","2,5",-,39.1,33.7,27.2,B/L/D,Sayur,Olahan
435,DP053,Sayur sop,"1,0","1,3","2,0","0,3",23.3,30.2,46.5,L/D,Sayur,Olahan
436,DP054,Sayur umbut kelapa,"5,1","5,2","2,9","1,4",38.6,39.4,22.0,B/L/D,Sayur,Olahan
437,DP055,Sayur umbut rotan,"3,1","5,4","2,6","1,6",27.9,48.6,23.4,B/L/D,Sayur,Olahan
438,DP056,Shabu-shabu,"0,8","3,2","8,0","0,9",6.7,26.7,66.7,B/L/D,Sayur,Olahan
439,DP057,Semur jengkol,"29,1","6,0","10,0",-,64.5,13.3,22.2,L/D,Sayur,Olahan
440,DP058,Tinira ninahu nggaluku,"4,1","1,2","1,3","3,1",62.1,18.2,19.7,B/L/D,Sayur,Olahan
441,DP059,Tumis bayam bersantan,"2,6","1,4","4,2","0,5",31.7,17.1,51.2,L/D,Sayur,Olahan
442,DP060,Waluh balamak,"8,1","0,8","0,9","7,9",82.7,8.2,9.2,B/L/D,Sayur,Olahan
443,DP061,Woku ubi,"15,0","3,1","7,8","7,0",57.9,12.0,30.1,B/L,Sayur,Olahan
444,DR001,"Akar tonjong, segar","10,8","1,1","0,4","1,2",87.8,8.9,3.3,B/L/D,Sayur,Tunggal
445,DR002,"Ale,toge, segar","3,8","4,4","0,5","1,7",43.7,50.6,5.7,B/L/D,Sayur,Tunggal
446,DR003,"Andaliman, segar","18,0","4,6","1,0","8,5",76.3,19.5,4.2,B/L/D,Sayur,Tunggal
447,DR004,"Andewi, segar","5,3","1,6","0,2","4,1",74.6,22.5,2.8,B/L/D,Sayur,Tunggal
448,DR005,"Bakung, segar","4,2","2,0","0,2","3,8",65.6,31.2,3.1,B/L/D,Sayur,Tunggal
449,DR006,"Baligo, segar","3,0","0,4","0,2","0,4",83.3,11.1,5.6,B/L/D,Sayur,Tunggal
450,DR007,"Bawang bombay, segar","10,3","1,4","0,2","2,0",86.6,11.8,1.7,B/L/D,Sayur,Tunggal
451,DR008,"Bayam, segar","2,9","0,9","0,4","0,7",69.0,21.4,9.5,L/D,Sayur,Tunggal
452,DR009,"Bayam merah, segar","6,3","2,2","0,8","2,2",67.7,23.7,8.6,L/D,Sayur,Tunggal
453,DR010,"Bit, segar","9,6","1,6","0,1","2,6",85.0,14.2,0.9,B/L/D,Sayur,Tunggal
454,DR011,Buah kelor,"7,5","1,5","0,2","3,2",81.5,16.3,2.2,B/L,Sayur,Tunggal
455,DR012,Buah merah,"13,1","2,6","2,7","4,0",71.2,14.1,14.7,B/L,Sayur,Tunggal
456,DR013,"Buncis, segar","7,2","2,4","0,3","1,9",72.7,24.2,3.0,L/D,Sayur,Tunggal
457,DR014,"Bunga pepaya, segar","8,1","2,6","0,3","1,6",73.6,23.6,2.7,B/L,Sayur,Tunggal
458,DR015,"Bunga turi, segar","6,1","2,0","1,1","3,3",66.3,21.7,12.0,B/L/D,Sayur,Tunggal
459,DR016,"Caisin, segar","3,4","1,7","0,4","1,2",61.8,30.9,7.3,B/L/D,Sayur,Tunggal
460,DR017,"Daun bangun-bangun, segar","4,0","1,3","0,6","1,0",67.8,22.0,10.2,B/L/D,Sayur,Tunggal
461,DR018,"Daun bawang merah, segar","7,8","2,0","0,3","2,1",77.2,19.8,3.0,B/L/D,Sayur,Tunggal
462,DR019,"Daun bebuas, segar","7,3","2,7","1,0","2,1",66.4,24.5,9.1,B/L/D,Sayur,Tunggal
463,DR020,"Daun belem, segar","7,8","4,4","1,4","1,9",57.4,32.4,10.3,B/L/D,Sayur,Tunggal
464,DR021,"Daun bluntas, segar","9,4","1,8","0,5",-,80.3,15.4,4.3,B/L/D,Sayur,Tunggal
465,DR022,"Daun gandaria, segar","14,0","3,1","0,3","2,1",80.5,17.8,1.7,B/L/D,Sayur,Tunggal
466,DR023,"Daun gedi besar, segar","10,0","2,9","0,7","3,3",73.5,21.3,5.1,B/L/D,Sayur,Tunggal
467,DR024,"Daun gedi kecil, segar","10,4","3,2","0,7","3,4",72.7,22.4,4.9,B/L/D,Sayur,Tunggal
468,DR025,"Daun gelang, segar","5,8","1,3","0,7","1,3",74.4,16.7,9.0,B/L/D,Sayur,Tunggal
469,DR026,"Daun gunda bali, segar","7,0","4,6","0,9","1,4",56.0,36.8,7.2,B/L/D,Sayur,Tunggal
470,DR027,"Daun gunda serang, segar","9,2","4,2","0,9","1,3",64.3,29.4,6.3,B/L/D,Sayur,Tunggal
471,DR028,"Daun jambu mete muda, segar","16,2","4,6","0,5","3,0",76.1,21.6,2.3,B/L,Sayur,Tunggal
472,DR029,"Daun jampang, segar","5,3","3,8","0,5","1,4",55.2,39.6,5.2,B/L/D,Sayur,Tunggal
473,DR030,"Daun jawaw seluang, segar","15,3","5,0","1,3","3,9",70.8,23.1,6.0,B/L/D,Sayur,Tunggal
474,DR031,"Daun jonghe, segar","4,4","2,1","0,7","2,0",61.1,29.2,9.7,B/L/D,Sayur,Tunggal
475,DR032,"Daun kacang ma, segar","6,8","2,9","0,6","1,8",66.0,28.2,5.8,B/L/D,Sayur,Tunggal
476,DR033,"Daun kacang panjang, segar","5,8","3,1","0,3","1,7",63.0,33.7,3.3,B/L/D,Sayur,Tunggal
477,DR034,"Daun kasbi/singkong karet, segar","10,9","4,0","3,6","5,8",58.9,21.6,19.5,B/L,Sayur,Tunggal
478,DR035,"Daun katuk, segar","9,9","6,4","1,0","1,5",57.2,37.0,5.8,B/L/D,Sayur,Tunggal
479,DR036,"Daun kecipir, segar","8,5","5,0","0,5",-,60.7,35.7,3.6,B/L/D,Sayur,Tunggal
480,DR037,"Daun kedondong, segar","13,4","3,5","0,3","10,7",77.9,20.3,1.7,B/L/D,Sayur,Tunggal
481,DR038,"Daun kelor, segar","14,3","5,1","1,6","8,2",68.1,24.3,7.6,B/L/D,Sayur,Tunggal
482,DR039,"Daun kemangi, segar","7,5","5,5","0,3","8,4",56.4,41.4,2.3,B/L/D,Sayur,Tunggal
483,DR040,"Daun kenikir, segar","6,6","3,7","0,5","5,8",61.1,34.3,4.6,B/L/D,Sayur,Tunggal
484,DR041,"Daun kesum, segar","9,1","4,5","0,8","1,6",63.2,31.2,5.6,B/L/D,Sayur,Tunggal
485,DR042,"Daun kol sawi, segar","3,6","2,1","0,5","0,9",58.1,33.9,8.1,L/D,Sayur,Tunggal
486,DR043,"Daun koro, segar","3,7","3,0","0,3",-,52.9,42.9,4.3,B/L/D,Sayur,Tunggal
487,DR044,"Daun kubis, segar","8,0","2,5","1,1","3,4",69.0,21.6,9.5,L/D,Sayur,Tunggal
488,DR045,"Daun kumak, segar","2,3","1,3","0,3","0,9",59.0,33.3,7.7,B/L/D,Sayur,Tunggal
489,DR046,"Daun labu siam, segar","4,7","4,0","0,4","3,5",51.6,44.0,4.4,L/D,Sayur,Tunggal
490,DR047,"Daun labu waluh/kuning, segar","4,5","3,6","0,6","2,9",51.7,41.4,6.9,L/D,Sayur,Tunggal
491,DR048,"Daun lamtoro, segar","14,4","8,3","1,8","3,3",58.8,33.9,7.3,B/L/D,Sayur,Tunggal
492,DR049,"Daun leilem, segar","15,8","2,8","0,2","3,1",84.0,14.9,1.1,B/L/D,Sayur,Tunggal
493,DR050,"Daun leunca, segar","8,1","4,7","0,5",-,60.9,35.3,3.8,B/L/D,Sayur,Tunggal
494,DR051,"Daun lobak, segar","5,8","2,3","0,4","3,2",68.2,27.1,4.7,B/L/D,Sayur,Tunggal
495,DR052,"Daun lompong talas, segar","7,4","3,0","0,8","3,3",66.1,26.8,7.1,B/L/D,Sayur,Tunggal
496,DR053,"Daun mangkokan, segar","11,8","3,7","0,3",-,74.7,23.4,1.9,B/L/D,Sayur,Tunggal
497,DR054,"Daun matel ambon, segar","11,5","6,8","1,6","4,6",57.8,34.2,8.0,B/L/D,Sayur,Tunggal
498,DR055,"Daun melinjo, segar","21,3","5,0","1,3","10,3",77.2,18.1,4.7,B/L/D,Sayur,Tunggal
499,DR056,"Daun mengkudu, segar","11,4","4,0","1,7","3,9",66.7,23.4,9.9,B/L/D,Sayur,Tunggal
500,DR057,"Daun ndusuk, segar","38,8","1,7","0,5","10,7",94.6,4.1,1.2,B/L/D,Sayur,Tunggal
501,DR058,"Daun oyong, segar","5,3","1,0","0,1","2,0",82.8,15.6,1.6,L/D,Sayur,Tunggal
502,DR059,"Daun pakis, segar","6,9","4,5","0,4","2,0",58.5,38.1,3.4,B/L/D,Sayur,Tunggal
503,DR060,"Daun pakis longgiho, segar","3,1","2,2","3,6","2,1",34.8,24.7,40.4,B/L/D,Sayur,Tunggal
504,DR061,"Daun pakis wambateu, segar","7,2","3,4","1,2","4,8",61.0,28.8,10.2,B/L/D,Sayur,Tunggal
505,DR062,"Daun paku, segar","6,5","3,4","0,1","4,3",65.0,34.0,1.0,B/L/D,Sayur,Tunggal
506,DR063,"Daun pangi,segar","17,9","3,9","0,6","8,3",79.9,17.4,2.7,B/L/D,Sayur,Tunggal
507,DR064,"Daun pare, segar","8,4","2,7","1,0","3,0",69.4,22.3,8.3,L/D,Sayur,Tunggal
508,DR065,"Daun pepaya, segar","11,9","8,0","2,0","1,5",54.3,36.5,9.1,B/L,Sayur,Tunggal
509,DR066,"Daun pohpohan, segar","6,9","2,5","0,8","2,6",67.6,24.5,7.8,B/L/D,Sayur,Tunggal
510,DR067,"Daun selasih, segar","10,5","4,0","0,5","5,3",70.0,26.7,3.3,B/L/D,Sayur,Tunggal
511,DR068,"Daun semanggi, segar","8,5","4,4","0,5","1,9",63.4,32.8,3.7,B/L/D,Sayur,Tunggal
512,DR069,"Daun simpur, segar","7,6","3,2","2,5","1,6",57.1,24.1,18.8,B/L/D,Sayur,Tunggal
513,DR070,"Daun singkil, segar","15,2","2,0","1,0","3,3",83.5,11.0,5.5,B/L/D,Sayur,Tunggal
514,DR071,"Daun singkong, segar","7,1","6,2","1,1","2,4",49.3,43.1,7.6,B/L,Sayur,Tunggal
515,DR072,"Daun singkong ambon, segar","25,2","12,7","1,2","10,2",64.5,32.5,3.1,B/L,Sayur,Tunggal
516,DR073,"Daun singkong ampenan, segar","7,1","6,2","1,1","2,4",49.3,43.1,7.6,B/L,Sayur,Tunggal
517,DR074,"Daun singkong kopang, segar","10,7","6,3","0,7","4,6",60.5,35.6,4.0,B/L,Sayur,Tunggal
518,DR075,"Daun sintrong, segar","6,1","2,6","0,9","1,7",63.5,27.1,9.4,B/L/D,Sayur,Tunggal
519,DR076,"Daun talas, segar","13,5","3,0","0,4","3,0",79.9,17.8,2.4,B/L/D,Sayur,Tunggal
520,DR077,"Daun tespong, segar","13,9","2,9","0,3","2,3",81.3,17.0,1.8,B/L/D,Sayur,Tunggal
521,DR078,"Daun ubi kuning, segar","11,1","3,7","0,3","6,4",73.5,24.5,2.0,B/L,Sayur,Tunggal
522,DR079,"Daun ubi merah, segar","10,8","3,0","0,3","1,4",76.6,21.3,2.1,B/L,Sayur,Tunggal
523,DR080,"Daun ubi putih, segar","8,2","2,8","0,2","4,8",73.2,25.0,1.8,B/L,Sayur,Tunggal
524,DR081,"Daun ubi tinta, segar","11,9","1,7","0,1","7,6",86.9,12.4,0.7,B/L,Sayur,Tunggal
525,DR082,"Eceng, segar","3,8","1,0","0,2","1,8",76.0,20.0,4.0,B/L/D,Sayur,Tunggal
526,DR083,"Gambas (oyong), segar","4,1","0,8","0,2","1,3",80.4,15.7,3.9,L/D,Sayur,Tunggal
527,DR084,"Genjer, segar","7,7","1,7","0,2","2,5",80.2,17.7,2.1,B/L/D,Sayur,Tunggal
528,DR085,"Jagung muda / semi, segar","7,4","2,2","0,1","1,9",76.3,22.7,1.0,B/L/D,Sayur,Tunggal
529,DR086,Jamur encik,"62,0","9,4","1,1",-,85.5,13.0,1.5,B/L/D,Sayur,Tunggal
530,DR087,"Jamur kuping, kering","64,6","16,0","0,9","46,5",79.3,19.6,1.1,B/L/D,Sayur,Tunggal
531,DR088,"Jamur kuping, segar","0,9","3,8","0,6","5,1",17.0,71.7,11.3,B/L/D,Sayur,Tunggal
532,DR089,"Jamur merang, segar","4,0","3,5","0,2","2,4",51.9,45.5,2.6,B/L/D,Sayur,Tunggal
533,DR090,"Jamur tiram, segar","5,5","1,9","0,1","3,6",73.3,25.3,1.3,B/L/D,Sayur,Tunggal
534,DR091,Jamur sagu,"2,8","1,9","3,2","1,0",35.4,24.1,40.5,B/L/D,Sayur,Tunggal
535,DR092,"Jantung pisang, segar","7,1","1,2","0,3","3,2",82.6,14.0,3.5,B/L,Sayur,Tunggal
536,DR093,"Jengkol, segar","40,7","5,4","0,3","1,5",87.7,11.6,0.6,L/D,Sayur,Tunggal
537,DR094,"Jotang, segar","7,1","1,9","0,3","3,5",76.3,20.4,3.2,B/L/D,Sayur,Tunggal
538,DR095,"Kabau, segar","25,2","6,7","0,3","2,9",78.3,20.8,0.9,B/L/D,Sayur,Tunggal
539,DR096,"Kacang mekah, polong, segar","3,4","1,1","1,0","1,1",61.8,20.0,18.2,B/L/D,Sayur,Tunggal
540,DR097,"Kacang panjang, segar","5,3","2,3","0,1","2,7",68.8,29.9,1.3,B/L/D,Sayur,Tunggal
541,DR098,Kacang ranti polong,"7,9","3,1","0,2","2,5",70.5,27.7,1.8,B/L/D,Sayur,Tunggal
542,DR099,"Kalakai, segar","6,6","2,4","0,2","5,8",71.7,26.1,2.2,B/L/D,Sayur,Tunggal
543,DR100,"Kangkung, segar","3,9","3,4","0,7","2,0",48.8,42.5,8.8,L/D,Sayur,Tunggal
544,DR101,Kangkung tondano,"8,4","1,8","0,2","4,3",80.8,17.3,1.9,L/D,Sayur,Tunggal
545,DR102,"Kapri muda, segar","9,0","3,3","0,2","1,8",72.0,26.4,1.6,B/L/D,Sayur,Tunggal
546,DR103,Karawila,"3,5","2,3","0,2","2,1",58.3,38.3,3.3,B/L/D,Sayur,Tunggal
547,DR104,"Kecipir muda, segar","5,8","2,9","0,2","5,5",65.2,32.6,2.2,B/L/D,Sayur,Tunggal
548,DR105,"Kecombrang, segar","6,7","0,9","1,0","2,6",77.9,10.5,11.6,B/L/D,Sayur,Tunggal
549,DR106,"Kelawi,kluwih, segar","27,2","1,5","0,3","5,0",93.8,5.2,1.0,B/L/D,Sayur,Tunggal
550,DR107,"Kembang turi, segar","9,6","1,8","0,6","5,0",80.0,15.0,5.0,B/L/D,Sayur,Tunggal
551,DR108,"Kerokot, segar","3,8","1,7","0,4","1,0",64.4,28.8,6.8,B/L/D,Sayur,Tunggal
552,DR109,"Ketimun, segar","1,4","0,2","0,2","0,3",77.8,11.1,11.1,B/L/D,Sayur,Tunggal
553,DR110,"Ketimun krai, segar","2,0","0,5","0,2","0,6",74.1,18.5,7.4,B/L/D,Sayur,Tunggal
554,DR111,"Ketimun madura, segar","1,9","0,5","0,1","0,7",76.0,20.0,4.0,B/L/D,Sayur,Tunggal
555,DR112,"Komak, segar","21,2","3,3","0,1","10,3",86.2,13.4,0.4,B/L/D,Sayur,Tunggal
556,DR113,Kembang Kol,"4,9","2,4","0,2","1,6",65.3,32.0,2.7,L/D,Sayur,Tunggal
557,DR114,"Kol merah, kol putih","5,3","1,4","0,2","1,9",76.8,20.3,2.9,L/D,Sayur,Tunggal
559,DR116,"Koro wedus, polong","7,9","3,0","0,3","3,3",70.5,26.8,2.7,B/L/D,Sayur,Tunggal
560,DR117,"Kucai, segar","10,3","2,2","0,3","4,8",80.5,17.2,2.3,B/L/D,Sayur,Tunggal
561,DR118,"Kucai muda (Lokio), segar","7,8","3,8","0,6","4,9",63.9,31.1,4.9,B/L/D,Sayur,Tunggal
562,DR119,Kulit melinjo,"20,7","4,5","1,1","5,0",78.7,17.1,4.2,B/L/D,Sayur,Tunggal
563,DR120,"Kundur, segar","4,7","0,4","0,2","1,3",88.7,7.5,3.8,B/L/D,Sayur,Tunggal
564,DR121,"Labu air, segar","3,8","0,6","0,2","0,6",82.6,13.0,4.3,L/D,Sayur,Tunggal
565,DR122,"Labu kuning, segar","10,0","1,7","0,5","2,7",82.0,13.9,4.1,L/D,Sayur,Tunggal
566,DR123,"Labu siam, segar","6,7","0,6","0,1","6,2",90.5,8.1,1.4,L/D,Sayur,Tunggal
567,DR124,"Labu waluh, segar","6,6","1,1","0,1","0,5",84.6,14.1,1.3,L/D,Sayur,Tunggal
568,DR125,"Lantar, segar","5,5","2,2","0,3","2,9",68.8,27.5,3.8,B/L/D,Sayur,Tunggal
569,DR126,"Lobak, segar","4,2","0,9","0,1","1,4",80.8,17.3,1.9,B/L/D,Sayur,Tunggal
570,DR127,"Lumai/Leunca, segar","7,6","1,1","0,3","2,0",84.4,12.2,3.3,B/L/D,Sayur,Tunggal
571,DR128,"Melinjo, segar","13,3","5,0","0,7",-,70.0,26.3,3.7,B/L/D,Sayur,Tunggal
572,DR129,Mostarda metan - sawi hijau,"4,7","2,3","0,5","1,8",62.7,30.7,6.7,L/D,Sayur,Tunggal
573,DR130,"Nangka muda, segar","11,3","2,0","0,4","8,3",82.5,14.6,2.9,L/D,Sayur,Tunggal
574,DR131,"Paria putih, segar","3,6","1,0","0,4","1,3",72.0,20.0,8.0,B/L/D,Sayur,Tunggal
575,DR132,"Pepare ular, segar","3,9","0,6","0,1","1,0",84.8,13.0,2.2,L/D,Sayur,Tunggal
576,DR133,"Pepaya muda, segar","4,9","2,1","0,1","2,1",69.0,29.6,1.4,L/D,Sayur,Tunggal
577,DR134,"Petai, segar","15,2","5,4","1,1","2,0",70.0,24.9,5.1,B/L/D,Sayur,Tunggal
578,DR135,"Peterseli, segar","9,0","3,7","1,0",-,65.7,27.0,7.3,B/L/D,Sayur,Tunggal
579,DR136,"Pucuk lumai/daun leunca, segar","2,8","4,5","0,4",-,36.4,58.4,5.2,B/L/D,Sayur,Tunggal
580,DR137,"Putri malu, segar","14,6","3,6","0,3","7,1",78.9,19.5,1.6,B/L/D,Sayur,Tunggal
581,DR138,"Rebung, segar","5,3","0,8","0,1","9,7",85.5,12.9,1.6,L/D,Sayur,Tunggal
582,DR139,"Rimbang, segar","15,8","1,6","0,6","10,0",87.8,8.9,3.3,B/L/D,Sayur,Tunggal
583,DR140,Rumput laut,"8,1","1,4","0,3","2,2",82.7,14.3,3.1,B/L/D,Sayur,Tunggal
584,DR141,"Sawi, segar","4,0","2,3","0,3","2,5",60.6,34.8,4.5,L/D,Sayur,Tunggal
585,DR142,"Sawi putih / pecai, segar","1,7","1,0","0,1","0,8",60.7,35.7,3.6,L/D,Sayur,Tunggal
586,DR143,"Sawi taiwan, segar","4,4","1,9","0,5","2,7",64.7,27.9,7.4,L/D,Sayur,Tunggal
587,DR144,"Sawi tanah, segar","2,9","1,3","0,2","2,2",65.9,29.5,4.5,L/D,Sayur,Tunggal
588,DR145,"Selada, segar","2,9","1,2","0,2","1,8",67.4,27.9,4.7,B/L,Sayur,Tunggal
589,DR146,"Selada air, segar","2,2","3,1","0,2","0,7",40.0,56.4,3.6,B/L,Sayur,Tunggal
590,DR147,"Seledri, segar","4,6","1,0","0,1","2,0",80.7,17.5,1.8,B/L/D,Sayur,Tunggal
591,DR148,"Taoge, segar","4,3","3,7","1,2","1,1",46.7,40.2,13.0,B/L/D,Sayur,Tunggal
592,DR149,"Taoge kacang kedelai, segar","6,4","9,0","2,6","0,7",35.6,50.0,14.4,B/L/D,Sayur,Tunggal
593,DR150,"Taoge kacang tunggak, segar","5,8","5,0","0,2","2,6",52.7,45.5,1.8,B/L/D,Sayur,Tunggal
594,DR151,"Tebu terubuk (lilin), segar","3,0","4,6","0,4","0,8",37.5,57.5,5.0,B/L/D,Sayur,Tunggal
595,DR152,"Tekokak, segar","7,9","2,0","0,1","4,9",79.0,20.0,1.0,B/L/D,Sayur,Tunggal
596,DR153,"Tekokak, kering","72,6","8,3","1,7","21,2",87.9,10.0,2.1,B/L/D,Sayur,Tunggal
597,DR154,"Terong, segar","5,5","1,1","0,2","2,1",80.9,16.2,2.9,L/D,Sayur,Tunggal
598,DR155,"Terong asam, segar","6,3","2,0","0,4","3,2",72.4,23.0,4.6,L/D,Sayur,Tunggal
599,DR156,"Terung belanda, segar","8,6","2,1","1,1","1,4",72.9,17.8,9.3,B/L/D,Sayur,Tunggal
600,DR157,"Terung bengkulu, segar","11,2","1,1","0,4","3,2",88.2,8.7,3.1,B/L/D,Sayur,Tunggal
601,DR158,"Terong hintalo, segar","7,5","1,9","0,8","5,1",73.5,18.6,7.8,L/D,Sayur,Tunggal
602,DR159,Terung panjang,"5,3","2,1","0,1","0,5",70.7,28.0,1.3,B/L/D,Sayur,Tunggal
603,DR160,"Tomat, air (sari), segar","3,5","1,0","0,2","0,4",74.5,21.3,4.3,B/L/D,Sayur,Tunggal
604,DR161,"Tomat merah, segar","4,7","1,3","0,5",-,72.3,20.0,7.7,B/L/D,Sayur,Tunggal
605,DR162,"Tomat muda, segar","3,3","2,0","0,7","1,8",55.0,33.3,11.7,B/L/D,Sayur,Tunggal
606,DR163,"Uceng/ bunga melinjo, segar","11,7","5,8","1,3","4,8",62.2,30.9,6.9,B/L/D,Sayur,Tunggal
607,DR164,"Umbut kelapa, segar","7,2","2,0","0,2","2,5",76.6,21.3,2.1,B/L/D,Sayur,Tunggal
608,DR165,Umbut rotan,"5,5","2,4","0,3","2,2",67.1,29.3,3.7,B/L/D,Sayur,Tunggal
609,DR166,"Wortel, segar","7,9","1,0","0,6","1,0",83.2,10.5,6.3,L/D,Sayur,Tunggal
610,EP001,Barongko,"23,5","3,1","5,8",-,72.5,9.6,17.9,B/L/D,Buah,Olahan
611,EP002,Dodol nanas,"80,3","1,5","1,2",-,96.7,1.8,1.4,B/L,Buah,Olahan
612,EP003,Getuk pisang,"34,1","1,1","0,4","0,4",95.8,3.1,1.1,B/L,Buah,Olahan
613,EP004,Keripik lampung,"69,7","1,7","22,2","0,6",74.5,1.8,23.7,B/L,Buah,Olahan
614,EP005,Ledre pisang,"84,9","4,8","5,1","0,4",89.6,5.1,5.4,B/L,Buah,Olahan
615,EP006,Lempog durian,"63,7","3,5","5,7","4,9",87.4,4.8,7.8,B/L,Buah,Olahan
616,EP007,Loka anjoro,"30,0","1,1","4,3",-,84.7,3.1,12.1,B/L/D,Buah,Olahan
617,EP008,Rica-rica taipa,"10,0","1,6","0,3",-,84.0,13.4,2.5,B/L/D,Buah,Olahan
618,EP009,Rujak aceh,"19,7","0,4","0,3","2,4",96.6,2.0,1.5,B/L,Buah,Olahan
619,EP010,Sale kesemek,"71,4","1,1","0,6",-,97.7,1.5,0.8,B/L/D,Buah,Olahan
620,EP011,Sale pisang siam,"66,1","2,4","0,7","1,0",95.5,3.5,1.0,B/L,Buah,Olahan
621,EP012,"Sale pisang, cilacap","66,9","2,3","2,1","1,3",93.8,3.2,2.9,B/L,Buah,Olahan
622,EP013,Sanggara belanda,"38,2","6,4","7,1",-,73.9,12.4,13.7,B/L/D,Buah,Olahan
625,ER001,"Alpukat, segar","7,7","0,9","6,5",-,51.0,6.0,43.0,B/L,Buah,Tunggal
626,ER002,"Anggur hutan, segar","6,8","0,5","0,2","1,2",90.7,6.7,2.7,B/L,Buah,Tunggal
627,ER003,"Apel malang, segar","12,8","0,5","0,4","0,8",93.4,3.6,2.9,B/L,Buah,Tunggal
628,ER004,"Apel, segar","14,9","0,3","0,4","2,6",95.5,1.9,2.6,B/L,Buah,Tunggal
629,ER005,"Arbai, segar","8,3","0,8","0,5",-,86.5,8.3,5.2,B/L/D,Buah,Tunggal
630,ER006,"Belimbing, segar","8,8","0,4","0,4","3,3",91.7,4.2,4.2,B/L,Buah,Tunggal
631,ER007,"Biwah, segar","12,1","0,3","0,1","0,7",96.8,2.4,0.8,B/L/D,Buah,Tunggal
632,ER008,"Buah atung, segar","5,2","0,8","0,2",-,83.9,12.9,3.2,B/L,Buah,Tunggal
633,ER009,"Buah kelenting, segar","21,4","1,4","2,1",-,85.9,5.6,8.4,B/L,Buah,Tunggal
634,ER010,"Buah kom, segar","59,6","4,0","1,1","9,0",92.1,6.2,1.7,B/L,Buah,Tunggal
635,ER011,"Buah mentega (Bisbul), segar","9,7","0,7","0,2","2,0",91.5,6.6,1.9,B/L,Buah,Tunggal
636,ER012,"Buah Naga Merah, segar","9,1","1,7","3,1","3,2",65.5,12.2,22.3,B/L,Buah,Tunggal
637,ER013,"Buah Naga Putih, segar","10,9","0,8","1,0","3,2",85.8,6.3,7.9,B/L,Buah,Tunggal
638,ER014,"Buah negri, segar","12,2","1,2","0,1","5,2",90.4,8.9,0.7,B/L,Buah,Tunggal
639,ER015,"Buah nona, segar","25,2","1,7","0,6","2,8",91.6,6.2,2.2,B/L,Buah,Tunggal
640,ER016,"Buah rotan, segar","18,2","0,6","0,3",-,95.3,3.1,1.6,B/L,Buah,Tunggal
641,ER017,"Buah rukam, segar","26,8","0,8","0,3","7,7",96.1,2.9,1.1,B/L,Buah,Tunggal
642,ER018,"Buah ruruhi, segar","3,6","2,1","0,7","2,6",56.2,32.8,10.9,B/L,Buah,Tunggal
643,ER019,"Buah tuppa, segar","15,9","0,4","0,2",-,96.4,2.4,1.2,B/L,Buah,Tunggal
644,ER020,"Carica papaya, segar","3,7","1,9","0,2","1,0",63.8,32.8,3.4,B/L/D,Buah,Tunggal
645,ER021,"Cempedak, segar","28,6","3,0","0,4","3,4",89.4,9.4,1.2,B/L/D,Buah,Tunggal
646,ER022,"Duku, segar","16,1","1,0","0,2","4,3",93.1,5.8,1.2,B/L,Buah,Tunggal
647,ER023,"Durian, segar","28,0","2,5","3,0","3,5",83.6,7.5,9.0,B/L,Buah,Tunggal
648,ER024,"Duwet, segar","18,2","0,5","0,6","0,9",94.3,2.6,3.1,B/L/D,Buah,Tunggal
649,ER025,"Embacang, segar","25,4","1,4","0,2","1,9",94.1,5.2,0.7,B/L/D,Buah,Tunggal
650,ER026,"Encung asam, segar","17,5","3,5","4,5","9,3",68.6,13.7,17.6,B/L/D,Buah,Tunggal
651,ER027,"Erbis, segar","18,9","0,6",-,"7,7",96.9,3.1,0.0,B/L/D,Buah,Tunggal
652,ER028,Gandaria masak,"18,0","0,7","0,1","2,2",95.7,3.7,0.5,B/L/D,Buah,Tunggal
653,ER029,"Gatep, segar","39,7","4,5","1,5","13,4",86.9,9.8,3.3,B/L/D,Buah,Tunggal
654,ER030,"Jambu air, segar","11,8","0,6","0,2","2,1",93.7,4.8,1.6,B/L,Buah,Tunggal
655,ER031,Jambu biji,"12,2","0,9","0,3","2,4",91.0,6.7,2.2,B/L,Buah,Tunggal
656,ER032,Jambu biji putih tidak berbiji,"15,4","0,9","0,3","4,5",92.8,5.4,1.8,B/L,Buah,Tunggal
657,ER033,"Jambu bol, segar","9,6","2,3","0,2","3,5",79.3,19.0,1.7,B/L,Buah,Tunggal
658,ER034,"Jambu monyet, segar","15,8","0,7","0,6","1,2",92.4,4.1,3.5,B/L,Buah,Tunggal
659,ER035,"Jeruk bali, segar","12,4","0,6","0,2","0,8",93.9,4.5,1.5,B/L,Buah,Tunggal
660,ER036,"Jeruk banjar, segar","14,1","0,8","0,2",-,93.4,5.3,1.3,B/L,Buah,Tunggal
661,ER037,Jeruk garut-keprok,"10,9","0,8","0,3","1,6",90.8,6.7,2.5,B/L,Buah,Tunggal
662,ER038,"Jeruk Kalamansi, segar","8,9","0,3","0,3","2,3",93.7,3.2,3.2,B/L,Buah,Tunggal
663,ER039,"Jeruk manis, segar","11,2","0,9","0,2","1,4",91.1,7.3,1.6,B/L,Buah,Tunggal
664,ER040,"Jeruk nipis, segar","10,0","0,5","0,2","0,4",93.5,4.7,1.9,B/L,Buah,Tunggal
665,ER041,"Jeruk ragi, segar","11,1","0,7","0,2","0,5",92.5,5.8,1.7,B/L,Buah,Tunggal
666,ER042,"Kawista, segar","20,8","3,5","2,5","4,6",77.6,13.1,9.3,B/L/D,Buah,Tunggal
667,ER043,"Kedondong masak, segar","10,3","1,0","0,1","2,6",90.4,8.8,0.9,B/L/D,Buah,Tunggal
668,ER044,"Kedondong, segar","10,4","0,5","0,2","2,7",93.7,4.5,1.8,B/L/D,Buah,Tunggal
669,ER045,"Kelapa hutan, kering","36,5","2,0","52,1","15,3",40.3,2.2,57.5,B/L/D,Buah,Tunggal
670,ER046,"Kelapa muda, daging, segar","14,0","1,0","0,9",-,88.1,6.3,5.7,L/D,Buah,Tunggal
671,ER047,"Kemang, segar","11,9","1,0","0,2","1,7",90.8,7.6,1.5,B/L/D,Buah,Tunggal
672,ER048,"Kesemek, segar","20,0","0,8","0,4","0,6",94.3,3.8,1.9,B/L/D,Buah,Tunggal
673,ER049,"Kokosan, segar","13,0","1,6","0,2","1,4",87.8,10.8,1.4,B/L/D,Buah,Tunggal
674,ER050,"Kranji, segar","73,5","2,1","1,4",-,95.5,2.7,1.8,B/L/D,Buah,Tunggal
675,ER051,"Langsat, segar","14,3","0,9","0,2","1,4",92.9,5.8,1.3,B/L/D,Buah,Tunggal
676,ER052,"Lemon, segar","6,2","0,5","0,8","0,1",82.7,6.7,10.7,B/L/D,Buah,Tunggal
677,ER053,"Lontar, segar","6,0","0,4","0,2","1,6",90.9,6.1,3.0,B/L/D,Buah,Tunggal
678,ER054,"Mangga, segar","12,3","0,7",-,"1,6",94.6,5.4,0.0,B/L,Buah,Tunggal
679,ER055,"Mangga benggala, segar","12,4","2,4","0,4","5,8",81.6,15.8,2.6,B/L,Buah,Tunggal
680,ER056,"Mangga gedung, segar","11,2","0,7","0,2","1,6",92.6,5.8,1.7,B/L,Buah,Tunggal
681,ER057,"Mangga golek, segar","16,7","0,5","0,2","2,3",96.0,2.9,1.1,B/L,Buah,Tunggal
682,ER058,"Mangga harumanis, segar","11,9","0,4","0,2","1,7",95.2,3.2,1.6,B/L,Buah,Tunggal
683,ER059,"Mangga indramayu, segar","18,7","0,8","0,2","2,5",94.9,4.1,1.0,B/L,Buah,Tunggal
684,ER060,"Mangga kopek, segar","14,6","0,4","0,2","2,0",96.1,2.6,1.3,B/L,Buah,Tunggal
685,ER061,"Mangga kwini, segar","19,8","0,7","0,5","6,5",94.3,3.3,2.4,B/L,Buah,Tunggal
686,ER062,"Mangga manalagi, segar","32,1","1,0","0,1","11,8",96.7,3.0,0.3,B/L,Buah,Tunggal
687,ER063,"Mangga muda, segar","15,1","0,5","0,4",-,94.4,3.1,2.5,B/L,Buah,Tunggal
688,ER064,"Manggis, segar","15,6","0,6","0,6","1,5",92.9,3.6,3.6,B/L,Buah,Tunggal
689,ER065,"Markisa, segar","29,8","3,5","1,2","11,4",86.4,10.1,3.5,B/L/D,Buah,Tunggal
690,ER066,"Matoa, segar","21,1","1,2","0,1","0,5",94.2,5.4,0.4,B/L/D,Buah,Tunggal
691,ER067,"Melon, segar","7,8","0,6","0,4","1,0",88.6,6.8,4.5,B/L,Buah,Tunggal
692,ER068,"Menteng, segar","16,1","1,7","0,3",-,89.0,9.4,1.7,B/L/D,Buah,Tunggal
693,ER069,"Nanas palembang, segar","13,3","0,7","0,2","1,6",93.7,4.9,1.4,B/L,Buah,Tunggal
694,ER070,"Nanas, segar","9,9","0,6","0,3","0,6",91.7,5.6,2.8,B/L,Buah,Tunggal
695,ER071,"Nangka masak pohon, segar","27,6","1,2","0,3","3,7",94.8,4.1,1.0,B/L,Buah,Tunggal
696,ER072,"Pala, daging, segar","10,9","0,3","0,2","0,5",95.6,2.6,1.8,L/D,Buah,Tunggal
697,ER073,"Pepaya, segar","12,2","0,5","12,0","1,6",49.4,2.0,48.6,B/L,Buah,Tunggal
698,ER074,"Pisang ambon, segar","24,3","1,0","0,8","1,9",93.1,3.8,3.1,B/L,Buah,Tunggal
699,ER075,"Pisang angleng (pisang ampyang), segar","17,2","1,3","0,2","0,8",92.0,7.0,1.1,B/L,Buah,Tunggal
700,ER076,"Pisang ayam, segar","26,8","1,1","0,2","4,1",95.4,3.9,0.7,L/D,Buah,Tunggal
701,ER077,"Pisang gapi, segar","31,1","2,1","0,3","11,7",92.8,6.3,0.9,B/L,Buah,Tunggal
702,ER078,"Pisang goroho, segar","27,9","1,9","0,2","4,6",93.0,6.3,0.7,B/L,Buah,Tunggal
703,ER079,"Pisang hijau, segar","28,9","2,0","0,3","0,4",92.6,6.4,1.0,B/L,Buah,Tunggal
704,ER080,"Pisang kayu, segar","23,6","1,4","0,5","2,6",92.5,5.5,2.0,B/L,Buah,Tunggal
705,ER081,"Pisang kepok, segar","26,3","0,8","0,5","5,7",95.3,2.9,1.8,B/L,Buah,Tunggal
706,ER082,"Pisang ketip, segar","34,5","1,1","0,3","6,6",96.1,3.1,0.8,B/L,Buah,Tunggal
707,ER083,"Pisang kidang, segar","22,5","1,0","0,2","0,6",94.9,4.2,0.8,B/L,Buah,Tunggal
708,ER084,"Pisang lampung, segar","25,6","1,3","0,2","4,3",94.5,4.8,0.7,B/L,Buah,Tunggal
709,ER085,"Pisang mas bali ampenan, segar","21,0","1,4","0,2","3,7",92.9,6.2,0.9,B/L,Buah,Tunggal
710,ER086,"Pisang mas bali kopang, segar","31,8","1,4","0,2","3,7",95.2,4.2,0.6,B/L,Buah,Tunggal
711,ER087,"Pisang mas, segar","33,6","1,4","0,2","1,4",95.5,4.0,0.6,B/L,Buah,Tunggal
712,ER088,"Pisang raja sereh, segar","28,2","1,3","0,3","0,7",94.6,4.4,1.0,B/L,Buah,Tunggal
713,ER089,"Pisang raja, segar","31,8","1,2","0,2","5,3",95.8,3.6,0.6,B/L,Buah,Tunggal
714,ER090,"Pisang rotan, segar","20,5","1,3","1,2","1,0",89.1,5.7,5.2,B/L,Buah,Tunggal
715,ER091,"Pisang talas, segar","26,7","1,2","0,2","4,4",95.0,4.3,0.7,B/L,Buah,Tunggal
716,ER092,Pisang tujuh bulan,"22,5","0,6","0,2","3,7",96.6,2.6,0.9,B/L,Buah,Tunggal
717,ER093,"Pisang ua, segar","30,2","0,8","0,5","8,1",95.9,2.5,1.6,B/L,Buah,Tunggal
718,ER094,"Pisang uli, segar","35,5","1,1","0,5","1,4",95.7,3.0,1.3,B/L,Buah,Tunggal
719,ER095,"Purut, segar","15,2","4,1","1,1","1,7",74.5,20.1,5.4,B/L/D,Buah,Tunggal
720,ER096,"Rambutan binjai, segar","18,0","0,5","0,2","3,8",96.3,2.7,1.1,B/L,Buah,Tunggal
721,ER097,"Rambutan, segar","18,1","0,9","0,1","0,8",94.8,4.7,0.5,B/L,Buah,Tunggal
722,ER098,"Salak bali, segar","13,6","0,5","0,1","1,3",95.8,3.5,0.7,B/L,Buah,Tunggal
723,ER099,"Salak medan, segar","12,8","0,4","0,2","3,2",95.5,3.0,1.5,B/L,Buah,Tunggal
724,ER100,"Salak pondoh, segar","20,1","0,8","0,4",-,94.4,3.8,1.9,B/L,Buah,Tunggal
725,ER101,"Salak, segar","20,9","0,4",-,-,98.1,1.9,0.0,B/L,Buah,Tunggal
726,ER102,"Sawo duren, segar","8,0","1,0","3,1","0,8",66.1,8.3,25.6,B/L,Buah,Tunggal
727,ER103,"Sawo kecik, segar","21,6","0,9","2,3","1,0",87.1,3.6,9.3,B/L,Buah,Tunggal
728,ER104,"Sawo Manila, segar","22,4","0,5","1,1","9,5",93.3,2.1,4.6,B/L,Buah,Tunggal
729,ER105,"Semangka, segar","6,9","0,5","0,2","0,4",90.8,6.6,2.6,B/L,Buah,Tunggal
730,ER106,"Sirsak, segar","16,3","1,0","0,3","3,2",92.6,5.7,1.7,B/L,Buah,Tunggal
731,ER107,"Sowa, segar","9,1","1,6","0,6","45,0",80.5,14.2,5.3,B/L/D,Buah,Tunggal
732,ER108,"Srikaya, segar","13,9","1,1","0,5","2,1",89.7,7.1,3.2,B/L/D,Buah,Tunggal
733,ER109,"Sukun muda, segar","28,1","1,4","0,2","1,4",94.6,4.7,0.7,B/L/D,Buah,Tunggal
734,ER110,"Sukun tua, segar","24,5","1,6","0,2","1,5",93.2,6.1,0.8,B/L/D,Buah,Tunggal
735,ER111,"Vigus, segar","8,3","2,4","0,1",-,76.9,22.2,0.9,B/L/D,Buah,Tunggal
736,ER112,"Wani, segar","17,1","0,8","0,3","3,1",94.0,4.4,1.6,B/L/D,Buah,Tunggal
737,ER113,"Mentimun Suri, segar","2,1","1,3","0,0","0,9",61.8,38.2,0.0,B/L/D,Buah,Tunggal
738,ER114,"Blewah, segar","8,2","0,8","0,2","0,9",89.1,8.7,2.2,B/L/D,Buah,Tunggal
739,FP001,"Ayam, ampela, goreng","9,9","32,3","11,2",-,18.5,60.5,21.0,L/D,Daging,Olahan
740,FP002,"Ayam, usus, goreng","13,9","45,2","26,3",-,16.3,52.9,30.8,L/D,Daging,Olahan
741,FP003,"Bebek, daging, goreng","4,5","24,0","20,7",-,9.1,48.8,42.1,L/D,Daging,Olahan
742,FP004,"Buaya, daging, dendeng, mentah","30,8","49,6","4,8",-,36.2,58.2,5.6,L/D,Daging,Olahan
743,FP005,Ham,"0,3","16,9","35,0",-,0.6,32.4,67.0,B/L/D,Daging,Olahan
744,FP006,"Itik alabio, daging, dendeng, mentah","18,4","30,3","33,5",-,22.4,36.9,40.8,L/D,Daging,Olahan
746,FP008,"Menjangan, daging, dendeng, mentah","22,7","55,8","2,0",-,28.2,69.3,2.5,L/D,Daging,Olahan
747,FP009,"Punai, daging, goreng","4,4","26,2","11,3",-,10.5,62.5,27.0,L/D,Daging,Olahan
748,FP010,"Rusa, daging, dendeng, mentah",-,"40,5","41,5",-,0.0,49.4,50.6,L/D,Daging,Olahan
749,FP011,"Sapi, abon","59,3","18,0","10,6","7,5",67.5,20.5,12.1,L/D,Daging,Olahan
750,FP012,"Sapi, abon, asli","38,6","14,6","16,1","2,5",55.7,21.1,23.2,L/D,Daging,Olahan
751,FP013,"Sapi, daging, asap",-,"32,0","6,0",-,0.0,84.2,15.8,L/D,Daging,Olahan
752,FP014,"Sapi, daging, dendeng, mentah",-,"55,0","9,0",-,0.0,85.9,14.1,L/D,Daging,Olahan
753,FP015,"Sapi, daging, kornet",-,"16,0","25,0",-,0.0,39.0,61.0,L/D,Daging,Olahan
754,FP016,"Sapi, daging, sosis (Worst)","2,3","14,5","42,3",-,3.9,24.5,71.6,L/D,Daging,Olahan
755,FP017,"Sapi, hati, sosis (liverworst)","3,0","16,0","22,0","2,3",7.3,39.0,53.7,L/D,Daging,Olahan
756,FP018,"Sapi, paru, dendeng, mentah","19,2","57,3","6,0",-,23.3,69.5,7.3,L/D,Daging,Olahan
757,FP019,"Sapi, paru, goreng","14,5","23,9","12,7",-,28.4,46.8,24.9,L/D,Daging,Olahan
758,FP020,"Ulat sagu, panggang","14,9","11,9","30,3","4,8",26.1,20.8,53.1,L/D,Daging,Olahan
759,FP021,"Ayam goreng church texas, dada","0,4","35,2","20,6",-,0.7,62.6,36.7,L/D,Daging,Olahan
760,FP022,"Ayam goreng church,texas paha","1,7","31,0","15,7",-,3.5,64.0,32.4,L/D,Daging,Olahan
761,FP023,"Ayam goreng church texas, sayap","1,5","34,0","16,0",-,2.9,66.0,31.1,L/D,Daging,Olahan
762,FP024,"Ayam goreng kalasan, paha","1,3","37,4","12,2",-,2.6,73.5,24.0,L/D,Daging,Olahan
763,FP025,"Ayam goreng kentucky, dada","0,1","34,2","16,8",-,0.2,66.9,32.9,L/D,Daging,Olahan
764,FP026,"Ayam goreng Kentucky, paha","1,1","32,1","16,1",-,2.2,65.1,32.7,L/D,Daging,Olahan
765,FP027,"Ayam goreng Kentucky,sayap","1,6","35,9","15,2",-,3.0,68.1,28.8,L/D,Daging,Olahan
766,FP028,Ayam goreng mbok berek dada,"1,0","39,2","13,6",-,1.9,72.9,25.3,L/D,Daging,Olahan
767,FP029,"Ayam goreng pasundan, dada","0,7","37,9","9,0",-,1.5,79.6,18.9,L/D,Daging,Olahan
768,FP030,"Ayam goreng pasundan, paha","0,3","33,1","11,4",-,0.7,73.9,25.4,L/D,Daging,Olahan
769,FP031,"Ayam goreng pioneer, dada","0,6","37,4","14,7",-,1.1,71.0,27.9,L/D,Daging,Olahan
770,FP032,"Ayam goreng sukabumi, dada","1,0","36,7","9,2",-,2.1,78.3,19.6,L/D,Daging,Olahan
771,FP033,"Ayam goreng sukabumi, paha","0,5","35,7","14,3",-,1.0,70.7,28.3,L/D,Daging,Olahan
772,FP034,"Ayam taliwang, masakan","2,7","18,2","20,1",-,6.6,44.4,49.0,L/D,Daging,Olahan
773,FP035,"Babi hutan masak rica, masakan","0,2","24,6","16,3",-,0.5,59.9,39.7,L/D,Daging,Olahan
774,FP036,Beef burger,"32,5","10,6","9,5","0,4",61.8,20.2,18.1,L/D,Daging,Olahan
775,FP037,"Beef teriyaki, masakan","22,3","8,6","3,1","0,3",65.6,25.3,9.1,B/L/D,Daging,Olahan
776,FP038,"Beef yakiniku, masakan","20,7","9,8","1,1","0,3",65.5,31.0,3.5,B/L/D,Daging,Olahan
777,FP039,Brongkos,"12,6","15,3","3,3","1,0",40.4,49.0,10.6,B/L/D,Daging,Olahan
778,FP040,"Bulgogi, masakan","1,4","11,4","4,9","1,7",7.9,64.4,27.7,B/L/D,Daging,Olahan
779,FP041,"Chicken teriyaki, masakan","7,5","13,0","9,6","0,8",24.9,43.2,31.9,B/L/D,Daging,Olahan
780,FP042,"Chikiniku, masakan","22,8","9,8","1,4","0,4",67.1,28.8,4.1,B/L/D,Daging,Olahan
781,FP043,"Coto mangkasara, kuda, masakan","3,8","6,8","5,9",-,23.0,41.2,35.8,B/L/D,Daging,Olahan
782,FP044,"Coto mangkasara, sapi, masakan","1,4","6,0","6,0",-,10.4,44.8,44.8,L/D,Daging,Olahan
783,FP045,"Djibokum, masakan","40,9","10,0","2,3","0,1",76.9,18.8,4.3,B/L/D,Daging,Olahan
784,FP046,"Empal (daging) Goreng, masakan","10,1","36,2","6,9",-,19.0,68.0,13.0,L/D,Daging,Olahan
785,FP047,Gulai kambing,"6,2","4,2","9,4",-,31.3,21.2,47.5,L/D,Daging,Olahan
786,FP048,"Jangang bintatoeng, masakan","16,5","5,3","2,2",-,68.8,22.1,9.2,B/L/D,Daging,Olahan
787,FP049,"Kalio ayam, masakan","4,4","16,0","13,5",-,13.0,47.2,39.8,L/D,Daging,Olahan
788,FP050,"Kalio jeroan, masakan","4,1","16,5","9,0",-,13.9,55.7,30.4,L/D,Daging,Olahan
789,FP051,"Kalio kikil (tunjang), masakan","3,9","13,8","5,7",-,16.7,59.0,24.4,L/D,Daging,Olahan
790,FP052,"Kalio otak, masakan","11,4","8,1","8,8",-,40.3,28.6,31.1,L/D,Daging,Olahan
791,FP053,"Lawar babi, masakan","3,0","17,0","10,0",-,10.0,56.7,33.3,L/D,Daging,Olahan
792,FP054,"Lawar penyu, masakan","7,6","23,0","1,5",-,23.7,71.7,4.7,B/L/D,Daging,Olahan
793,FP055,"Lawara jangang, masakan","10,1","5,0","10,9",-,38.8,19.2,41.9,B/L/D,Daging,Olahan
794,FP056,"Naan maran sapi, masakan","5,1","38,3","33,9",-,6.6,49.5,43.9,L/D,Daging,Olahan
795,FP057,"Nasu likku, masakan","15,9","14,5","8,3",-,41.1,37.5,21.4,B/L/D,Daging,Olahan
796,FP058,"Oramu ninahu ndawa olaho, masakan","4,3","13,7","5,0",-,18.7,59.6,21.7,B/L/D,Daging,Olahan
797,FP059,"Paniki masak santan, masakan","7,2","28,5","35,2",-,10.2,40.2,49.6,B/L/D,Daging,Olahan
798,FP060,"Pelolah manuk, masakan","4,4","19,7","13,6",-,11.7,52.3,36.1,B/L/D,Daging,Olahan
799,FP061,"Rawon, masakan","4,0","5,4","2,5","0,3",33.6,45.4,21.0,L/D,Daging,Olahan
800,FP062,"Rendang sapi, masakan","7,8","22,6","7,9",-,20.4,59.0,20.6,L/D,Daging,Olahan
801,FP063,"RW, anjing, masakan","0,9","24,6","10,7",-,2.5,68.0,29.6,B/L/D,Daging,Olahan
802,FP064,"Sate, penyu, masakan","13,3","22,5","3,5",-,33.8,57.3,8.9,L/D,Daging,Olahan
803,FP065,"Sate pusut, masakan","13,6","12,9","18,6",-,30.2,28.6,41.2,L/D,Daging,Olahan
804,FP066,"Penyu, serapah, masakan","2,2","13,1","12,2",-,8.0,47.6,44.4,B/L/D,Daging,Olahan
805,FP067,"Sie reuboh, masakan","11,7","11,2","42,5",-,17.9,17.1,65.0,B/L/D,Daging,Olahan
806,FP068,"Sop buntut, masakan","2,2","7,5","3,6",-,16.5,56.4,27.1,L/D,Daging,Olahan
807,FP069,"Sop daging sapi, masakan","5,3","5,8","0,5",-,45.7,50.0,4.3,L/D,Daging,Olahan
808,FP070,"Sop kaki sapi, masakan","3,7","9,0","1,9",-,25.3,61.6,13.0,L/D,Daging,Olahan
809,FP071,"Sop kambing, masakan","1,1","5,5","0,8",-,14.9,74.3,10.8,L/D,Daging,Olahan
810,FP072,"Sop konro, masakan","4,5","7,4","2,6",-,31.0,51.0,17.9,L/D,Daging,Olahan
811,FP073,"Sop saudara, masakan","3,9","7,2","5,0",-,24.2,44.7,31.1,L/D,Daging,Olahan
812,FP074,"Soto bandung, masakan","2,8","3,9","1,7","0,4",33.3,46.4,20.2,B/L,Daging,Olahan
813,FP075,"Soto banjar, masakan","3,2","2,9","9,5",-,20.5,18.6,60.9,B/L,Daging,Olahan
814,FP076,"Soto betawi, masakan","11,5","2,5","8,8","0,5",50.4,11.0,38.6,B/L,Daging,Olahan
815,FP077,"Soto jeroan, masakan","1,4","11,8","4,3",-,8.0,67.4,24.6,L/D,Daging,Olahan
816,FP078,"Soto kudus, masakan","1,8","2,6","2,3","0,2",26.9,38.8,34.3,B/L,Daging,Olahan
817,FP079,"Soto madura, masakan","1,3","3,5","4,5",-,14.0,37.6,48.4,B/L,Daging,Olahan
818,FP080,"Soto padang, masakan","11,0","5,9","6,6","0,7",46.8,25.1,28.1,B/L,Daging,Olahan
819,FP081,"Soto pekalongan, masakan","5,1","3,0","6,8","0,3",34.2,20.1,45.6,B/L,Daging,Olahan
820,FP082,"Soto pemalang, masakan","3,5","3,6","5,2",-,28.5,29.3,42.3,B/L,Daging,Olahan
821,FP083,"Soto sukaraja, masakan","9,0","3,2","3,5","0,3",57.3,20.4,22.3,B/L,Daging,Olahan
822,FP084,"Soto sulung, masakan",-,"2,3","8,5",-,0.0,21.3,78.7,B/L,Daging,Olahan
823,FP085,"Sukiyaki, masakan","12,2","5,6","0,4","0,2",67.0,30.8,2.2,B/L/D,Daging,Olahan
824,FP086,"Tedong pallu basa, masakan","2,8","10,4","3,4",-,16.9,62.7,20.5,B/L/D,Daging,Olahan
825,FP087,"Tikus rica, masakan","3,8","18,8","18,5",-,9.2,45.7,45.0,B/L/D,Daging,Olahan
826,FP088,"Tinoransa, masakan",-,"17,7","49,5",-,0.0,26.3,73.7,B/L/D,Daging,Olahan
827,FR001,"Anak sapi, daging, gemuk, segar",-,"18,8","14,0",-,0.0,57.3,42.7,L/D,Daging,Tunggal
828,FR002,"Anak sapi, daging, kurus, segar",-,"19,6","10,0",-,0.0,66.2,33.8,L/D,Daging,Tunggal
829,FR003,"Anak sapi, daging, sedang, segar",-,"19,1","12,0",-,0.0,61.4,38.6,L/D,Daging,Tunggal
830,FR004,"Angsa, daging, segar",-,"16,4","31,5",-,0.0,34.2,65.8,L/D,Daging,Tunggal
831,FR005,"Ayam, daging, segar",-,"18,2","25,0",-,0.0,42.1,57.9,L/D,Daging,Tunggal
832,FR006,"Ayam, dideh/darah, segar","0,7","13,8","1,9",-,4.3,84.1,11.6,L/D,Daging,Tunggal
833,FR007,"Ayam, hati, segar","1,6","27,4","16,1",-,3.5,60.8,35.7,L/D,Daging,Tunggal
834,FR008,"Babi, daging, gemuk,segar",-,"11,9","45,0",-,0.0,20.9,79.1,L/D,Daging,Tunggal
835,FR009,"Babi, daging, kurus, segar",-,"14,1","35,0",-,0.0,28.7,71.3,L/D,Daging,Tunggal
836,FR010,"Babi, ginjal, segar","0,8","16,3","4,6",-,3.7,75.1,21.2,L/D,Daging,Tunggal
837,FR011,"Babi, hati, segar","1,7","19,7","4,8",-,6.5,75.2,18.3,L/D,Daging,Tunggal
838,FR012,"Bebek (itik), daging, segar",-,"16,0","28,6",-,0.0,35.9,64.1,L/D,Daging,Tunggal
839,FR013,"Bebek alabio, daging, segar","3,7","11,3","27,0",-,8.8,26.9,64.3,L/D,Daging,Tunggal
840,FR014,"Belibis, daging, segar","2,8","20,2","4,3",-,10.3,74.0,15.8,L/D,Daging,Tunggal
841,FR015,"Burung, sarang, segar","32,1","37,5","0,3",-,45.9,53.6,0.4,B/L/D,Daging,Tunggal
842,FR016,"Domba, daging, gemuk, segar",-,"15,7","27,7",-,0.0,36.2,63.8,L/D,Daging,Tunggal
843,FR017,"Domba, daging, kurus, segar",-,"17,1","14,8",-,0.0,53.6,46.4,L/D,Daging,Tunggal
844,FR018,"Domba, ginjal, segar","1,0","16,6","3,3",-,4.8,79.4,15.8,B/L/D,Daging,Tunggal
845,FR019,"Kambing, daging, segar",-,"16,6","9,2",-,0.0,64.3,35.7,L/D,Daging,Tunggal
846,FR020,"Kelinci, daging, segar",-,"16,9","7,8",-,0.0,68.4,31.6,L/D,Daging,Tunggal
847,FR021,"Kerbau, daging, segar",-,"18,7","0,5",-,0.0,97.4,2.6,L/D,Daging,Tunggal
848,FR022,"Kuda, daging, segar","0,9","18,1","4,1",-,3.9,78.4,17.7,L/D,Daging,Tunggal
849,FR023,"Sapi, babat, segar",-,"17,6","4,2",-,0.0,80.7,19.3,L/D,Daging,Tunggal
850,FR024,"Sapi, daging, gemuk, segar",-,"17,5","22,0",-,0.0,44.3,55.7,L/D,Daging,Tunggal
851,FR025,"Sapi, daging, kurus, segar",-,"19,6","10,0",-,0.0,66.2,33.8,L/D,Daging,Tunggal
852,FR026,"Sapi, daging, lemak sedang, segar",-,"18,8","14,0",-,0.0,57.3,42.7,L/D,Daging,Tunggal
853,FR027,"Sapi, daleman, segar","1,4","12,0","14,4",-,5.0,43.2,51.8,L/D,Daging,Tunggal
854,FR028,"Sapi, dideh/darah",-,"21,9","1,1",-,0.0,95.2,4.8,L/D,Daging,Tunggal
855,FR029,"Sapi, ginjal, segar","0,9","15,0","8,1",-,3.8,62.5,33.8,L/D,Daging,Tunggal
856,FR030,"Sapi, keleponan, segar","0,2","10,5","4,6",-,1.3,68.6,30.1,L/D,Daging,Tunggal
857,FR031,"Sapi, liver, segar","6,0","19,7","3,2",-,20.8,68.2,11.1,L/D,Daging,Tunggal
858,FR032,"Sapi, otak, segar","0,8","10,4","8,6",-,4.0,52.5,43.4,L/D,Daging,Tunggal
859,FR033,"Sapi, usus, segar","1,5","14,0","7,2",-,6.6,61.7,31.7,L/D,Daging,Tunggal
860,FR034,Ulat sagu segar,"5,8","5,8","21,6","2,8",17.5,17.5,65.1,B/L/D,Daging,Tunggal
862,GP002,"Belut, goreng","32,0","25,9","19,4",-,41.4,33.5,25.1,B/L/D,Ikan dsb,Olahan
863,GP003,"Cumi-cumi, goreng",-,"40,6","10,1",-,0.0,80.1,19.9,L/D,Ikan dsb,Olahan
864,GP004,"Ikan asin, kering",-,"42,0","1,5",-,0.0,96.6,3.4,L/D,Ikan dsb,Olahan
865,GP005,"Ikan bandeng presto, masakan","11,3","17,1","20,3",-,23.2,35.1,41.7,L/D,Ikan dsb,Olahan
866,GP006,Ikan baung bakar,"5,2","17,8","5,8",-,18.1,61.8,20.1,L/D,Ikan dsb,Olahan
867,GP007,Ikan Belida bakar,"7,2","18,0","3,0",-,25.5,63.8,10.6,L/D,Ikan dsb,Olahan
868,GP008,"Ikan cakalang asap, mentah","1,9","34,2","5,6",-,4.6,82.0,13.4,L/D,Ikan dsb,Olahan
869,GP009,"Ikan cakalang asin, mentah","5,5","36,5","2,2",-,12.4,82.6,5.0,L/D,Ikan dsb,Olahan
870,GP010,"Ikan calo/ peda, mentah","3,8","11,4","1,9",-,22.2,66.7,11.1,L/D,Ikan dsb,Olahan
871,GP011,"Ikan Gabus asap, mentah","21,9","38,1","2,3",-,35.2,61.2,3.7,L/D,Ikan dsb,Olahan
872,GP012,"Ikan Gabus, kering",-,"58,0","4,0",-,0.0,93.5,6.5,L/D,Ikan dsb,Olahan
873,GP013,"Ikan gete, goreng","0,2","23,1","19,4",-,0.5,54.1,45.4,L/D,Ikan dsb,Olahan
874,GP014,"Ikan hiu, kering","20,2","46,3","3,6",-,28.8,66.0,5.1,L/D,Ikan dsb,Olahan
875,GP015,"Ikan katombo, asin","0,3","31,7","2,8",-,0.9,91.1,8.0,L/D,Ikan dsb,Olahan
876,GP016,"Ikan kayu, kering","0,4","70,7","1,9",-,0.5,96.8,2.6,L/D,Ikan dsb,Olahan
877,GP017,Ikan Lais bakar,"5,4","17,5","6,5",-,18.4,59.5,22.1,L/D,Ikan dsb,Olahan
878,GP018,"Ikan lomak asin, mentah","18,9","40,3","2,3",-,30.7,65.5,3.7,L/D,Ikan dsb,Olahan
879,GP019,Ikan Mas pepes,"11,8","15,2","11,3","0,5",30.8,39.7,29.5,L/D,Ikan dsb,Olahan
880,GP020,Ikan mujahir goreng,-,"46,9","23,9",-,0.0,66.2,33.8,L/D,Ikan dsb,Olahan
881,GP021,Ikan Mujahir pepes,"0,8","21,7","2,8",-,3.2,85.8,11.1,L/D,Ikan dsb,Olahan
882,GP022,"Ikan mujahir, dendeng, mentah","37,2","68,3","15,2",-,30.8,56.6,12.6,L/D,Ikan dsb,Olahan
883,GP023,"Ikan Papuyu, bakar","6,7","17,6","6,1",-,22.0,57.9,20.1,L/D,Ikan dsb,Olahan
884,GP024,"Ikan Patin, bakar","4,3","17,5","6,3",-,15.3,62.3,22.4,L/D,Ikan dsb,Olahan
885,GP025,"Ikan peda banjar, mentah","2,0","28,0","4,0",-,5.9,82.4,11.8,L/D,Ikan dsb,Olahan
886,GP026,"Ikan pepetek, mentah","2,0","32,0","4,4",-,5.2,83.3,11.5,L/D,Ikan dsb,Olahan
887,GP027,"Ikan Pindang banjar, mentah","1,8","28,0","4,2",-,5.3,82.4,12.4,L/D,Ikan dsb,Olahan
888,GP028,"Ikan Pindang benggol, mentah",-,"31,0","4,2",-,0.0,88.1,11.9,L/D,Ikan dsb,Olahan
889,GP029,"Ikan Pindang layang, mentah",-,"30,0","2,8",-,0.0,91.5,8.5,L/D,Ikan dsb,Olahan
890,GP030,"Ikan Pindang selar, mentah",-,"27,0","3,0",-,0.0,90.0,10.0,L/D,Ikan dsb,Olahan
891,GP031,"Ikan sale lais, mentah","2,9","61,3","17,6",-,3.5,74.9,21.5,L/D,Ikan dsb,Olahan
892,GP032,"Ikan saluang, kering, mentah","14,6","34,1","9,9",-,24.9,58.2,16.9,L/D,Ikan dsb,Olahan
893,GP033,"Ikan sanggang, masakan","20,7","21,7","7,7",-,41.3,43.3,15.4,L/D,Ikan dsb,Olahan
894,GP034,"Ikan selar kuning, cue, mentah",-,"27,0","3,3",-,0.0,89.1,10.9,L/D,Ikan dsb,Olahan
895,GP035,"Ikan selar, kering, mentah",-,"38,0","3,5",-,0.0,91.6,8.4,L/D,Ikan dsb,Olahan
896,GP036,"Ikan sepat, kering, mentah",-,"38,0","14,0",-,0.0,73.1,26.9,L/D,Ikan dsb,Olahan
897,GP037,"Ikan sunu, asin, mentah","7,1","34,1","3,8",-,15.8,75.8,8.4,L/D,Ikan dsb,Olahan
899,GP039,"Ikan Teri nasi, kering, mentah",-,"32,5","0,6",-,0.0,98.2,1.8,B/L/D,Ikan dsb,Olahan
900,GP040,"Ikan Teri, bubuk, mentah","1,8","60,0","2,3",-,2.8,93.6,3.6,L/D,Ikan dsb,Olahan
901,GP041,"Ikan teri, kering, mentah",-,"33,4","3,0",-,0.0,91.8,8.2,L/D,Ikan dsb,Olahan
902,GP042,"Ikan Teri, kering, tawar, mentah",-,"68,7","4,2",-,0.0,94.2,5.8,L/D,Ikan dsb,Olahan
904,GP044,"Kerang, asap, mentah","29,4","38,9","13,3",-,36.0,47.7,16.3,L/D,Ikan dsb,Olahan
905,GP045,"Kerang, dendeng, mentah","25,6","41,1","10,0",-,33.4,53.6,13.0,L/D,Ikan dsb,Olahan
907,GP047,"Rebung laut, mentah","63,3","7,2","4,2",-,84.7,9.6,5.6,L/D,Ikan dsb,Olahan
908,GP048,Rusip,"11,7","11,5","2,0",-,46.4,45.6,7.9,B/L/D,Ikan dsb,Olahan
909,GP049,Sardines dalam kaleng,"1,0","21,1","27,0",-,2.0,43.0,55.0,B/L/D,Ikan dsb,Olahan
910,GP050,"Teripang, dendeng, mentah","3,5","39,1","32,4",-,4.7,52.1,43.2,B/L/D,Ikan dsb,Olahan
911,GP051,"Udang kering, mentah","2,2","62,6","4,1",-,3.2,90.9,6.0,L/D,Ikan dsb,Olahan
912,GP052,"Udang papay, mentah","12,5","47,8","3,8",-,19.5,74.6,5.9,L/D,Ikan dsb,Olahan
913,GP053,Abon haruwan,"21,3","23,7","37,0",-,26.0,28.9,45.1,B/L/D,Ikan dsb,Olahan
914,GP054,Abon ikan,"36,1","27,2","20,2",-,43.2,32.6,24.2,L/D,Ikan dsb,Olahan
915,GP055,"Betok wadi, masakan","4,1","16,3","7,0",-,15.0,59.5,25.5,B/L/D,Ikan dsb,Olahan
916,GP056,"Bou ninahu ndamate, masakan","1,1","6,3","1,0",-,13.1,75.0,11.9,B/L/D,Ikan dsb,Olahan
917,GP057,"Bouiki ninahu nggaluku, masakan","10,8","7,8","2,2",-,51.9,37.5,10.6,B/L/D,Ikan dsb,Olahan
918,GP058,Cakalang asar (asap papua),"10,2","20,1","3,8",-,29.9,58.9,11.1,B/L/D,Ikan dsb,Olahan
919,GP059,"Dendeng belut, goreng","8,0","55,7","14,1",-,10.3,71.6,18.1,B/L/D,Ikan dsb,Olahan
920,GP060,"Dendeng mujahir, goreng","9,2","74,3","26,9",-,8.3,67.3,24.4,B/L/D,Ikan dsb,Olahan
921,GP061,Fillet o-fish,"19,3","12,3","15,9","0,2",40.6,25.9,33.5,B/L/D,Ikan dsb,Olahan
922,GP062,"Gete kuah asam, masakan","6,0","8,2","2,0",-,37.0,50.6,12.3,B/L/D,Ikan dsb,Olahan
923,GP063,"Gulai asam keueung, masakan","1,8","10,0","0,5",-,14.6,81.3,4.1,L/D,Ikan dsb,Olahan
924,GP064,"Gulai ikan paya, masakan","5,0","10,0","9,8",-,20.2,40.3,39.5,L/D,Ikan dsb,Olahan
925,GP065,"Gulai ikan, masakan","2,5","16,5","3,3",-,11.2,74.0,14.8,L/D,Ikan dsb,Olahan
926,GP066,"Gulai keumamah, masakan","3,2","5,9","8,2",-,18.5,34.1,47.4,L/D,Ikan dsb,Olahan
927,GP067,"Gulai tiram, masakan","7,8","9,0","7,2",-,32.5,37.5,30.0,L/D,Ikan dsb,Olahan
928,GP068,"Gurame asem manis, masakan","12,7","12,7","10,1",-,35.8,35.8,28.5,L/D,Ikan dsb,Olahan
929,GP069,"Ikan asar merah, masakan","5,6","17,7","5,9",-,19.2,60.6,20.2,L/D,Ikan dsb,Olahan
930,GP070,Jambal goreng,"2,3","48,5","9,2",-,3.8,80.8,15.3,B/L/D,Ikan dsb,Olahan
931,GP071,"Jukku pallu kaloa, masakan","8,8","15,2","4,3",-,31.1,53.7,15.2,B/L/D,Ikan dsb,Olahan
932,GP072,"Kaholeo, masakan","29,8","28,7","19,8",-,38.1,36.7,25.3,B/L/D,Ikan dsb,Olahan
933,GP073,"Lawara penjah, masakan","9,6","7,4","15,4",-,29.6,22.8,47.5,B/L/D,Ikan dsb,Olahan
934,GP074,"Model, masakan","8,6","2,2","4,0",-,58.1,14.9,27.0,B/L/D,Ikan dsb,Olahan
935,GP075,"Mujahir acar kuning, masakan","12,1","17,8","23,4","1,1",22.7,33.4,43.9,B/L/D,Ikan dsb,Olahan
936,GP076,"Parede baleh, masakan","5,5","10,5","2,5",-,29.7,56.8,13.5,L/D,Ikan dsb,Olahan
937,GP077,Pempek adaan,"27,8","4,9","3,0",-,77.9,13.7,8.4,B/L,Ikan dsb,Olahan
938,GP078,Pempek belida,"31,6","4,2","1,4","0,2",84.9,11.3,3.8,B/L,Ikan dsb,Olahan
939,GP079,Pempek kapal selam,"28,2","4,5","2,3",-,80.6,12.9,6.6,B/L,Ikan dsb,Olahan
940,GP080,Pempek kelesan,"26,6","12,3","6,1","0,4",59.1,27.3,13.6,B/L,Ikan dsb,Olahan
941,GP081,Pempek kulit,"39,1","5,2","7,3",-,75.8,10.1,14.1,B/L,Ikan dsb,Olahan
942,GP082,Pempek telur,"28,3","4,7","2,7",-,79.3,13.2,7.6,B/L/D,Ikan dsb,Olahan
943,GP083,Pempek tenggiri,"33,4","7,2","1,2","0,2",79.9,17.2,2.9,B/L,Ikan dsb,Olahan
944,GP084,"Pencok lele, masakan","3,5","7,8","36,3",-,7.4,16.4,76.3,L/D,Ikan dsb,Olahan
945,GP085,"Pinda, masakan","0,4","15,9","0,6",-,2.4,94.1,3.6,B/L/D,Ikan dsb,Olahan
946,GP086,"Pindang kenari, masakan",-,"9,5","9,6",-,0.0,49.7,50.3,L/D,Ikan dsb,Olahan
947,GP087,"Saboko gurita, masakan","2,6","15,7","1,5",-,13.1,79.3,7.6,B/L/D,Ikan dsb,Olahan
948,GP088,"Saboko saltan, masakan","3,0","17,1","3,6",-,12.7,72.2,15.2,B/L/D,Ikan dsb,Olahan
949,GP089,"Saboko sardin, masakan","4,9","12,9","4,3",-,22.2,58.4,19.5,B/L/D,Ikan dsb,Olahan
950,GP090,Sate Bandeng,"20,9","12,1","16,8","2,0",42.0,24.3,33.7,L/D,Ikan dsb,Olahan
951,GP091,"Sepi, masakan","10,6","7,9","1,6",-,52.7,39.3,8.0,B/L/D,Ikan dsb,Olahan
952,GP092,Tekwan,"9,4","1,9","0,9",-,77.0,15.6,7.4,B/L/D,Ikan dsb,Olahan
953,GP093,"Teri balado, masakan","17,5","23,7","22,3",-,27.6,37.3,35.1,B/L/D,Ikan dsb,Olahan
954,GP094,Tumis bandeng,"0,6","11,3","15,7",-,2.2,40.9,56.9,L/D,Ikan dsb,Olahan
955,GP095,Tumis keumamah,"15,5","14,5","20,0","4,5",31.0,29.0,40.0,L/D,Ikan dsb,Olahan
956,GR001,"Ikan bader, segar",-,"19,0","13,0",-,0.0,59.4,40.6,L/D,Ikan dsb,Tunggal
957,GR002,"Ikan balong, segar","1,5","16,5","3,9",-,6.8,75.3,17.8,L/D,Ikan dsb,Tunggal
958,GR003,"Ikan bambangan, segar","3,7","20,0","1,3",-,14.8,80.0,5.2,L/D,Ikan dsb,Tunggal
959,GR004,"Ikan bandeng, segar",-,"20,0","4,8",-,0.0,80.6,19.4,L/D,Ikan dsb,Tunggal
960,GR005,"Ikan banjar, segar","4,8","19,4","0,9",-,19.1,77.3,3.6,L/D,Ikan dsb,Tunggal
961,GR006,"Ikan baronang, segar","3,7","14,5","0,6",-,19.7,77.1,3.2,L/D,Ikan dsb,Tunggal
962,GR007,"Ikan batung, segar","4,2","14,5","4,6",-,18.0,62.2,19.7,L/D,Ikan dsb,Tunggal
963,GR008,"Ikan baung, segar","3,3","15,1","5,5",-,13.8,63.2,23.0,L/D,Ikan dsb,Tunggal
964,GR009,"Ikan bawal, segar",-,"19,0","1,7",-,0.0,91.8,8.2,L/D,Ikan dsb,Tunggal
965,GR010,"Ikan Belida, segar","2,2","14,7","1,4",-,12.0,80.3,7.7,L/D,Ikan dsb,Tunggal
966,GR011,"Belut, segar","1,0","14,6","0,8",-,6.1,89.0,4.9,B/L/D,Ikan dsb,Tunggal
967,GR012,"Belut,laut, segar","6,1","12,8","1,5",-,29.9,62.7,7.4,B/L/D,Ikan dsb,Tunggal
968,GR013,"Ikan beunteur, segar",-,"17,0","4,0",-,0.0,81.0,19.0,L/D,Ikan dsb,Tunggal
969,GR014,"Ikan biawan, segar","2,1","14,9","2,5",-,10.8,76.4,12.8,L/D,Ikan dsb,Tunggal
970,GR015,"Ikan bili, segar","6,2","14,2","0,7",-,29.4,67.3,3.3,L/D,Ikan dsb,Tunggal
971,GR016,"Ikan bubara, segar","4,9","14,7","2,4",-,22.3,66.8,10.9,L/D,Ikan dsb,Tunggal
972,GR017,"Ikan bulan-bulan, segar","5,0","25,5","1,3",-,15.7,80.2,4.1,L/D,Ikan dsb,Tunggal
973,GR018,"Ikan, cakalang, segar","5,5","19,6","0,7",-,21.3,76.0,2.7,L/D,Ikan dsb,Tunggal
974,GR019,"Ikan cakalang, hati, segar","10,0","11,3","3,9",-,39.7,44.8,15.5,L/D,Ikan dsb,Tunggal
975,GR020,"Ikan cakalang, jantung, segar","10,2","11,2","1,2",-,45.1,49.6,5.3,L/D,Ikan dsb,Tunggal
976,GR021,"Ikan cakalang, perut, segar","8,7","10,2","1,1",-,43.5,51.0,5.5,L/D,Ikan dsb,Tunggal
977,GR022,"Cumi-cumi, segar","0,1","16,1","0,7",-,0.6,95.3,4.1,L/D,Ikan dsb,Tunggal
978,GR023,"Ikan daun, segar","4,6","11,5","4,1",-,22.8,56.9,20.3,L/D,Ikan dsb,Tunggal
979,GR024,"Ikan ekor kuning, segar","2,1","22,3","1,2",-,8.2,87.1,4.7,L/D,Ikan dsb,Tunggal
980,GR025,"Ikan gabus, segar","2,6","16,2","0,5",-,13.5,83.9,2.6,L/D,Ikan dsb,Tunggal
981,GR026,"Ikan Heu, segar","6,6","10,0","1,6",-,36.3,54.9,8.8,L/D,Ikan dsb,Tunggal
982,GR027,"Ikan hitam, segar","6,7","10,3","3,7",-,32.4,49.8,17.9,L/D,Ikan dsb,Tunggal
983,GR028,"Ikan hiu, segar","2,2","10,7","0,3",-,16.7,81.1,2.3,L/D,Ikan dsb,Tunggal
984,GR029,"Ikan kacangan, segar","1,6","15,6","0,9",-,8.8,86.2,5.0,L/D,Ikan dsb,Tunggal
985,GR030,"Ikan kakap, segar",-,"20,0","0,7",-,0.0,96.6,3.4,L/D,Ikan dsb,Tunggal
986,GR031,"Ikan kakatua, segar","6,4","11,4","1,2",-,33.7,60.0,6.3,L/D,Ikan dsb,Tunggal
987,GR032,"Ikan kalaban, segar","1,3","16,4","0,7",-,7.1,89.1,3.8,L/D,Ikan dsb,Tunggal
988,GR033,"Ikan Kamera, segar",-,"19,7","0,8",-,0.0,96.1,3.9,L/D,Ikan dsb,Tunggal
989,GR034,"Ikan kapar, segar","0,8","17,0","6,7",-,3.3,69.4,27.3,L/D,Ikan dsb,Tunggal
990,GR035,"Ikan kawalinya, segar","5,4","12,6","4,2",-,24.3,56.8,18.9,L/D,Ikan dsb,Tunggal
991,GR036,"Ikan oci, kembung, segar","2,2","21,3","3,4",-,8.2,79.2,12.6,L/D,Ikan dsb,Tunggal
992,GR037,"Keong, segar","2,0","12,0","1,0",-,13.3,80.0,6.7,B/L/D,Ikan dsb,Tunggal
993,GR038,"Kepiting, segar","14,1","13,8","3,8",-,44.5,43.5,12.0,L/D,Ikan dsb,Tunggal
994,GR039,"Kerang, segar","3,9","14,4","2,6",-,18.7,68.9,12.4,L/D,Ikan dsb,Tunggal
995,GR040,"Ikan keru-keru, segar","0,8","16,5","2,1",-,4.1,85.1,10.8,L/D,Ikan dsb,Tunggal
996,GR041,"Ikan kima, segar","5,2","10,8","0,7",-,31.1,64.7,4.2,L/D,Ikan dsb,Tunggal
997,GR042,"Kodok, segar",-,"16,4","0,3",-,0.0,98.2,1.8,B/L/D,Ikan dsb,Tunggal
998,GR043,"Kura-kura, segar",-,"19,1","0,2",-,0.0,99.0,1.0,B/L/D,Ikan dsb,Tunggal
999,GR044,"Kuro, segar","1,0","16,0","2,2",-,5.2,83.3,11.5,B/L/D,Ikan dsb,Tunggal
1000,GR045,"Ikan lais, segar","2,4","11,9","11,5",-,9.3,46.1,44.6,L/D,Ikan dsb,Tunggal
1001,GR046,"Ikan layang, segar",-,"22,0","1,7",-,0.0,92.8,7.2,L/D,Ikan dsb,Tunggal
1002,GR047,"Ikan layur, segar","0,4","18,0","1,0",-,2.1,92.8,5.2,L/D,Ikan dsb,Tunggal
1003,GR048,"Ikan lehoma, segar",-,"20,4","0,9",-,0.0,95.8,4.2,L/D,Ikan dsb,Tunggal
1004,GR049,"Ikan lemuru, segar",-,"20,0","3,0",-,0.0,87.0,13.0,L/D,Ikan dsb,Tunggal
1005,GR050,"Ikan lidah, segar","2,0","15,6","3,2",-,9.6,75.0,15.4,L/D,Ikan dsb,Tunggal
1006,GR051,"Lokan, segar","5,1","11,0","1,7",-,28.7,61.8,9.6,B/L/D,Ikan dsb,Tunggal
1007,GR052,"Ikan malalugis, segar","0,9","20,6","1,4",-,3.9,90.0,6.1,L/D,Ikan dsb,Tunggal
1008,GR053,"Ikan mamar merah, segar","4,4","15,3","4,0",-,18.6,64.6,16.9,L/D,Ikan dsb,Tunggal
1009,GR054,"Ikan mas, segar",-,"16,0","2,0",-,0.0,88.9,11.1,L/D,Ikan dsb,Tunggal
1010,GR055,"Ikan mayong, segar","0,4","17,9","2,0",-,2.0,88.2,9.9,L/D,Ikan dsb,Tunggal
1011,GR056,"Ikan mujahir, segar",-,"18,7","1,0",-,0.0,94.9,5.1,L/D,Ikan dsb,Tunggal
1012,GR057,"Ikan nasu metti, segar","10,5","16,8","5,0",-,32.5,52.0,15.5,L/D,Ikan dsb,Tunggal
1013,GR058,"Ikan paling, segar",-,"14,0","27,0",-,0.0,34.1,65.9,L/D,Ikan dsb,Tunggal
1014,GR059,"Ikan papuyu/ betok, segar","4,6","14,3","4,9",-,19.3,60.1,20.6,L/D,Ikan dsb,Tunggal
1015,GR060,"Ikan Patin, segar","1,1","17,0","6,6",-,4.5,68.8,26.7,L/D,Ikan dsb,Tunggal
1016,GR061,"Ikan pomo, segar","2,6","22,5","5,2",-,8.6,74.3,17.2,L/D,Ikan dsb,Tunggal
1017,GR062,"Ikan Puntin, segar","2,2","14,4","1,1",-,12.4,81.4,6.2,L/D,Ikan dsb,Tunggal
1018,GR063,"Rajungan, segar","2,4","12,1","2,0",-,14.5,73.3,12.1,B/L/D,Ikan dsb,Tunggal
1019,GR064,"Rebon, udang kecil, segar","0,7","16,2","1,2",-,3.9,89.5,6.6,L/D,Ikan dsb,Tunggal
1020,GR065,"Ikan saluang, segar","3,4","13,9","4,9",-,15.3,62.6,22.1,L/D,Ikan dsb,Tunggal
1021,GR066,"Ikan sarden, segar","3,4","19,9","1,8",-,13.5,79.3,7.2,L/D,Ikan dsb,Tunggal
1022,GR067,"Ikan selar, segar",-,"18,8","2,2",-,0.0,89.5,10.5,L/D,Ikan dsb,Tunggal
1023,GR068,"Ikan sepat, segar","4,7","15,2","0,6",-,22.9,74.1,2.9,L/D,Ikan dsb,Tunggal
1024,GR069,"Ikan sidat, segar","3,8","11,4","1,9",-,22.2,66.7,11.1,L/D,Ikan dsb,Tunggal
1025,GR070,"Ikan sunu, segar","6,7","13,3","3,4",-,28.6,56.8,14.5,L/D,Ikan dsb,Tunggal
1026,GR071,"Ikan tahuman, segar","4,1","15,9","0,9",-,19.6,76.1,4.3,L/D,Ikan dsb,Tunggal
1027,GR072,"Ikan Sale, segar","4,9","40,2","39,3","2,0",5.8,47.6,46.6,L/D,Ikan dsb,Tunggal
1028,GR073,"Ikan tarmon, segar","2,0","19,5","1,1",-,8.8,86.3,4.9,L/D,Ikan dsb,Tunggal
1029,GR074,"Ikan telan, segar","6,5","15,8","0,7",-,28.3,68.7,3.0,L/D,Ikan dsb,Tunggal
1030,GR075,"Ikan tembang, segar",-,"16,0","15,0",-,0.0,51.6,48.4,L/D,Ikan dsb,Tunggal
1031,GR076,"Ikan tempahas, segar","1,0","15,1","4,1",-,5.0,74.8,20.3,L/D,Ikan dsb,Tunggal
1032,GR077,"Ikan terbang, segar","1,0","19,6","1,7",-,4.5,87.9,7.6,L/D,Ikan dsb,Tunggal
1033,GR078,"Ikan teri, segar","4,1","10,3","1,4",-,25.9,65.2,8.9,L/D,Ikan dsb,Tunggal
1034,GR079,"Ikan titang, segar","2,3","17,4","0,4",-,11.4,86.6,2.0,L/D,Ikan dsb,Tunggal
1035,GR080,"Ikan tongkol, segar","8,0","13,7","1,5",-,34.5,59.1,6.5,L/D,Ikan dsb,Tunggal
1036,GR081,"Ikan turi, segar","0,2","19,2","2,0",-,0.9,89.7,9.3,L/D,Ikan dsb,Tunggal
1037,GR082,"Udang, besar, segar","1,2","11,4","0,6",-,9.1,86.4,4.5,L/D,Ikan dsb,Tunggal
1038,GR083,"Udang galah, segar","3,0","16,5","0,3",-,15.2,83.3,1.5,L/D,Ikan dsb,Tunggal
1039,GR084,"Udang, segar","0,1","21,0","0,2",-,0.5,98.6,0.9,L/D,Ikan dsb,Tunggal
1040,HP001,"Telur ayam, dadar, masakan","1,4","16,3","19,4",-,3.8,43.9,52.3,L/D,Telur,Olahan
1041,HP002,"Telur bebek, asin, mentah","4,4","13,6","13,3",-,14.1,43.5,42.5,L/D,Telur,Olahan
1042,HP003,"Telur bebek, dadar, masakan",-,"20,0","23,7",-,0.0,45.8,54.2,L/D,Telur,Olahan
1043,HP004,"Ikan, telur, asin, mentah","9,4","20,7","26,4",-,16.6,36.6,46.7,L/D,Telur,Olahan
1044,HP005,"Bayau mi balu, masakan","44,8","6,0","12,2",-,71.1,9.5,19.4,B/L/D,Telur,Olahan
1045,HP006,"Cucuru bayau, masakan","38,3","6,8","18,7",-,60.0,10.7,29.3,B/L/D,Telur,Olahan
1046,HP007,"Kalio telur, masakan","9,7","10,6","12,4",-,29.7,32.4,37.9,L/D,Telur,Olahan
1047,HR001,"Telur ayam kampung, segar","1,2","10,8","14,0",-,4.6,41.5,53.8,L/D,Telur,Tunggal
1048,HR002,"Telur ayam ras, segar","0,7","12,4","10,8",-,2.9,51.9,45.2,L/D,Telur,Tunggal
1049,HR003,"Telur ayam ras, bagian kuning, segar","0,7","16,3","31,9",-,1.4,33.3,65.2,L/D,Telur,Tunggal
1050,HR004,"Telur ayam ras, bagian putih, segar","0,8","10,8",-,-,6.9,93.1,0.0,L/D,Telur,Tunggal
1051,HR005,"Telur bebek alabio, segar","3,0","11,8","14,2",-,10.3,40.7,49.0,L/D,Telur,Tunggal
1052,HR006,"Telur bebek, bagian kuning, segar","0,8","17,0","35,0",-,1.5,32.2,66.3,L/D,Telur,Tunggal
1053,HR007,"Telur bebek, bagian putih, segar","0,8","11,0",-,-,6.8,93.2,0.0,L/D,Telur,Tunggal
1054,HR008,"Telur bebek tambak, segar","7,9","10,9","12,4",-,25.3,34.9,39.7,L/D,Telur,Tunggal
1055,HR009,"Telur burung maleo, segar","0,4","26,5","36,3",-,0.6,41.9,57.4,B/L/D,Telur,Tunggal
1056,HR010,"Telur penyu, segar","2,7","8,6","10,1",-,12.6,40.2,47.2,B/L/D,Telur,Tunggal
1057,HR011,"Telur burung puyuh, segar","1,6","10,7","7,0",-,8.3,55.4,36.3,B/L/D,Telur,Tunggal
1058,JP001,Es krim,"20,6","4,0","12,5",-,55.5,10.8,33.7,B/L/D,Susu,Olahan
1059,JP002,Hangop,"3,5","10,0","1,0",-,24.1,69.0,6.9,B/L/D,Susu,Olahan
1060,JP003,Keju,"13,1","22,8","20,3",-,23.3,40.6,36.1,B/L,Susu,Olahan
1061,JP004,Kwark (Quark),"3,0","19,0","17,0",-,7.7,48.7,43.6,B/L/D,Susu,Olahan
1063,JP006,Susu bubuk,"36,2","24,6","30,0",-,39.9,27.1,33.0,B,Susu,Olahan
1064,JP007,Susu kental manis,"55,0","8,2","10,0",-,75.1,11.2,13.7,B/L/D,Susu,Olahan
1065,JP008,Susu kental tak manis,"9,9","7,0","7,9",-,39.9,28.2,31.9,B/L/D,Susu,Olahan
1067,JP010,"Susu skim, segar","5,1","3,5","0,1",-,58.6,40.2,1.1,B/L/D,Susu,Olahan
1068,JP011,"Yoghurt, segar","4,0","3,3","2,5",-,40.8,33.7,25.5,B,Susu,Olahan
1069,JR001,"Kepala susu - krim, segar","4,0","2,6","20,0",-,15.0,9.8,75.2,B/L/D,Susu,Tunggal
1070,JR002,Susu ibu - ASI,"7,0","1,5","3,2",-,59.8,12.8,27.4,B/L/D,Susu,Tunggal
1071,JR003,"Susu kambing, segar","6,6","4,3","2,3",-,50.0,32.6,17.4,L/D,Susu,Tunggal
1072,JR004,"Susu kerbau, segar","7,1","6,3","12,0",-,28.0,24.8,47.2,B/L/D,Susu,Tunggal
1073,JR005,"Susu kuda, segar","5,4","2,0","1,1",-,63.5,23.5,12.9,B/L/D,Susu,Tunggal
1074,JR006,"Susu sapi, segar","4,3","3,2","3,5",-,39.1,29.1,31.8,L/D,Susu,Tunggal
1075,KP001,Margarin,"0,4","0,6","81,0",-,0.5,0.7,98.8,B/L/D,Lemak,Olahan
1077,KP003,Santan (dengan air),"7,6","2,0","10,0","1,4",38.8,10.2,51.0,B/L/D,Lemak,Olahan
1078,KP004,Santan murni,"5,6","4,2","34,3",-,12.7,9.5,77.8,B/L/D,Lemak,Olahan
1079,KR001,"Kelapa setengah tua, daging, segar","10,0","4,0","15,0","2,4",34.5,13.8,51.7,L/D,Lemak,Tunggal
1080,KR002,"Kelapa tua, daging, segar","14,0","3,4","34,7","4,7",26.9,6.5,66.6,L/D,Lemak,Tunggal
1081,KR003,Lemak babi (lard),-,-,"100,0",-,0.0,0.0,100.0,L/D,Lemak,Tunggal
1082,KR004,Lemak babi (bacon),"1,1","9,1","65,0",-,1.5,12.1,86.4,L/D,Lemak,Tunggal
1083,KR005,Lemak ikan,"14,4","12,0","29,4",-,25.8,21.5,52.7,L/D,Lemak,Tunggal
1084,KR006,Lemak kerbau (lemak sapi),-,"1,5","90,0",-,0.0,1.6,98.4,L/D,Lemak,Tunggal
1085,KR007,"Minyak hiu, hati",-,-,"100,0",-,0.0,0.0,100.0,L/D,Lemak,Tunggal
1086,KR008,Minyak ikan,-,-,"100,0",-,0.0,0.0,100.0,L/D,Lemak,Tunggal
1087,KR009,Minyak kacang tanah,-,-,"100,0",-,0.0,0.0,100.0,B/L/D,Lemak,Tunggal
1088,KR010,Minyak kedelai,-,-,"99,9",-,0.0,0.0,100.0,L/D,Lemak,Tunggal
1089,KR011,Minyak kelapa,-,"1,0","98,0",-,0.0,1.0,99.0,B/L/D,Lemak,Tunggal
1090,KR012,Minyak kelapa sawit,-,-,"100,0",-,0.0,0.0,100.0,L/D,Lemak,Tunggal
1091,KR013,Minyak wijen,-,"0,2","99,7",-,0.0,0.2,99.8,B/L/D,Lemak,Tunggal
1092,KR014,Minyak Zaitun,-,-,"100,0",-,0.0,0.0,100.0,B/L/D,Lemak,Tunggal
1093,MP001,"Coklat manis, batang","62,7","2,0","29,8","6,5",66.3,2.1,31.5,B/L/D,Gula,Olahan
1094,MP002,"Coklat pahit,batang","29,2","5,5","42,6","10,8",37.8,7.1,55.1,B/L/D,Gula,Olahan
1095,MP003,"Coklat susu, batang","53,6","9,0","35,0","3,4",54.9,9.2,35.9,B/L/D,Gula,Olahan
1097,MP005,Gula aren,"92,0",-,-,-,100.0,0.0,0.0,B/L/D,Gula,Olahan
1098,MP006,Gula kelapa,"76,0","3,0","10,0",-,85.4,3.4,11.2,B/L/D,Gula,Olahan
1099,MP007,Gula putih,"94,0",-,-,-,100.0,0.0,0.0,B/L/D,Gula,Olahan
1100,MP008,"Jam, selai","64,5","0,5","0,6","1,0",98.3,0.8,0.9,B/L/D,Gula,Olahan
1102,MP010,Madu,"79,5","0,3",-,"0,2",99.6,0.4,0.0,B/L/D,Gula,Olahan
1103,MP011,Markisa squash,"49,6","2,5","1,0",-,93.4,4.7,1.9,B/L/D,Gula,Olahan
1104,MP012,"Markisa squash, BD","23,7","1,2","0,5",-,93.3,4.7,2.0,B/L/D,Gula,Olahan
1105,MP013,Melase,"71,0",-,"0,1",-,99.9,0.0,0.1,B/L/D,Gula,Olahan
1111,NP001,Balichong,"22,9","13,2","0,8","1,5",62.1,35.8,2.2,B/L/D,Bumbu,Olahan
1112,NP002,Bekasam,"6,1","11,9","4,9","3,5",26.6,52.0,21.4,B/L/D,Bumbu,Olahan
1113,NP003,Bekasang,"3,6","11,4","2,0","0,4",21.2,67.1,11.8,B/L/D,Bumbu,Olahan
1114,NP004,Cuka,"5,0","0,1","0,1",-,96.2,1.9,1.9,B/L/D,Bumbu,Olahan
1115,NP005,Kecap,"9,0","5,7","1,3",-,56.2,35.6,8.1,B/L/D,Bumbu,Olahan
1116,NP006,Petis ikan,"20,8","20,0","0,2",-,50.7,48.8,0.5,L/D,Bumbu,Olahan
1117,NP007,Petis udang kering,"59,3","23,8","1,4",-,70.2,28.2,1.7,L/D,Bumbu,Olahan
1118,NP008,Petis udang pasta,"38,0","15,0","0,9","2,3",70.5,27.8,1.7,L/D,Bumbu,Olahan
1119,NP009,Saos tomat,"24,5","2,0","0,4","0,9",91.1,7.4,1.5,B/L/D,Bumbu,Olahan
1120,NP010,Tempoya,"21,9","1,7","1,3","2,6",88.0,6.8,5.2,B/L/D,Bumbu,Olahan
1121,NP011,Terasi,"9,9","22,3","2,9","2,7",28.2,63.5,8.3,B/L/D,Bumbu,Olahan
1122,NP012,Terasi dobo,"6,6","33,1","3,6","1,6",15.2,76.4,8.3,B/L/D,Bumbu,Olahan
1123,NP013,Terasi merah,"5,6","30,0","3,5","2,2",14.3,76.7,9.0,B/L/D,Bumbu,Olahan
1124,NR001,"Asam arang coklat, segar","30,9","0,5","1,1","1,5",95.1,1.5,3.4,B/L/D,Bumbu,Tunggal
1125,NR002,"Asam arang merah, segar","20,3","0,8","1,6","2,8",89.4,3.5,7.0,B/L/D,Bumbu,Tunggal
1126,NR003,"Asam kandis, kering","63,3","0,9","1,6","5,0",96.2,1.4,2.4,B/L/D,Bumbu,Tunggal
1127,NR004,"Asam kandis, segar","16,1","0,2","1,1","3,4",92.5,1.1,6.3,B/L/D,Bumbu,Tunggal
1128,NR005,"Asam masak pohon, segar","62,5","2,8","0,6","1,2",94.8,4.2,0.9,B/L/D,Bumbu,Tunggal
1129,NR006,"Asam payak, segar","32,1","0,8","0,4","10,0",96.4,2.4,1.2,B/L/D,Bumbu,Tunggal
1130,NR007,"Bawang merah, segar","9,2","1,5","0,3","1,7",83.6,13.6,2.7,B/L/D,Bumbu,Tunggal
1131,NR008,"Bawang putih, segar","23,1","4,5","0,2","0,6",83.1,16.2,0.7,B/L/D,Bumbu,Tunggal
1132,NR009,"Boros kunci, segar","7,2","1,0","0,8","1,0",80.0,11.1,8.9,B/L/D,Bumbu,Tunggal
1133,NR010,"Boros laja (lengkuas), segar","4,7","1,0","0,3","1,1",78.3,16.7,5.0,B/L/D,Bumbu,Tunggal
1134,NR011,"Cabai gembor merah, segar","6,3","1,6","0,8","1,6",72.4,18.4,9.2,B/L/D,Bumbu,Tunggal
1135,NR012,"Cabai hijau, segar","5,2","0,7","0,3","2,6",83.9,11.3,4.8,B/L/D,Bumbu,Tunggal
1136,NR013,"Cabai merah, kering","61,8","15,9","6,2","26,9",73.7,19.0,7.4,B/L/D,Bumbu,Tunggal
1137,NR014,"Cabai merah, segar","7,3","1,0","0,3","1,4",84.9,11.6,3.5,B/L/D,Bumbu,Tunggal
1138,NR015,"Cabai rawit, segar","19,9","4,7","2,4","15,2",73.7,17.4,8.9,B/L/D,Bumbu,Tunggal
1139,NR016,"Cengkeh, kering","57,4","5,2","8,9","10,0",80.3,7.3,12.4,B/L/D,Bumbu,Tunggal
1141,NR018,"Jahe, segar","10,1","1,5","1,0","12,0",80.2,11.9,7.9,B/L/D,Bumbu,Tunggal
1142,NR019,Kemiri,"8,0","19,0","63,0","3,0",8.9,21.1,70.0,B/L/D,Bumbu,Tunggal
1143,NR020,"Ketumbar, kering","54,2","14,1","16,1","12,3",64.2,16.7,19.1,B/L/D,Bumbu,Tunggal
1144,NR021,Kluwek,"13,5","10,0","24,0",-,28.4,21.1,50.5,B/L/D,Bumbu,Tunggal
1145,NR022,"Kunyit, segar","9,1","2,0","2,7","0,6",65.9,14.5,19.6,B/L/D,Bumbu,Tunggal
1146,NR023,"Merica, kering","64,4","11,5","6,8","1,0",77.9,13.9,8.2,B/L/D,Bumbu,Tunggal
1147,NR024,"Pala, biji, kering","40,1","7,5","36,4","3,5",47.7,8.9,43.3,B/L/D,Bumbu,Tunggal
1148,QR001,"Kelapa muda, air, segar","3,8","0,2","0,1",-,92.7,4.9,2.4,B/L/D,Minuman,Tunggal
