No,Kode,Nama Bahan Makanan,Karbohidrat (g),Protein (g),Lemak (g),Serat (g),Mentah/Olahan,Kelompok Makanan,Sumber TKPI 2019
41,AP041,Cake tape,"50,1","4,9","11,5","1,4",Olahan,Serealia,KZGMI-2001
42,AP042,Cangkuning,"31,4","2,8","7,5",-,Olahan,Serealia,KZGMI-2001
43,AP043,Dodol bali,"65,9","3,7","2,1","0,4",Olahan,Serealia,KZGPI-1990
44,AP044,Dodol galamai,"76,1","0,4","3,8","0,5",Olahan,Serealia,KZGMI-2001
45,AP045,Dodol kedondong,"63,8","1,9","7,6","1,0",Olahan,Serealia,KZGPI-1990
46,AP046,Dodol manado,"51,9","4,3","16,5","0,4",Olahan,Serealia,KZGMI-2001
47,AP047,Emping beras,"85,3","10,6","2,2","0,2",Olahan,Serealia,KZGMI-2001
48,AP048,Gemblong,"55,5","1,7","5,4","2,2",Olahan,Serealia,KZGPI-1990
49,AP049,Gendar goreng,"32,0","6,4","28,2","0,1",Olahan,Serealia,KZGPI-1990
50,AP050,Intip goreng,"62,3","7,6","21,6","1,2",Olahan,Serealia,KZGPI-1990
51,AP051,Jagung gerontol,"33,3","2,7","1,3","1,0",Olahan,Serealia,KZGPI-1990
52,AP052,Jagung titi,"79,1","9,4","2,2","0,8",Olahan,Serealia,KZGPI-1990
53,AP053,Japilus,"67,3","1,2","25,1","0,4",Olahan,Serealia,KZGPI-1990
54,AP054,Kakicak,"36,7","3,4","15,1",-,Olahan,Serealia,KZGMI-2001
55,AP055,Kambose,"32,6","3,0","2,4","4,3",Olahan,Serealia,KZGMI-2001
56,AP056,Kapusa,"27,8","4,4","3,2","5,3",Olahan,Serealia,KZGMI-2001
57,AP057,Keddo bodong,"55,2","4,6","5,7",-,Olahan,Serealia,KZGMI-2001
58,AP058,"Kelepon, kue","41,8","3,7","3,7","1,0",Olahan,Serealia,KZGMI-2001
59,AP059,Kereput,"51,1","4,8","39,6",-,Olahan,Serealia,KZGMI-2001
60,AP060,Ketoprak,"13,0","7,9","7,7","2,9",Olahan,Serealia,KZGPI-1990
61,AP061,Ketupat kandangan,"13,4","2,2","5,2",-,Olahan,Serealia,KZGMI-2001
62,AP062,Koya,"77,5","4,2","4,3","0,8",Olahan,Serealia,KZGMI-2001
63,AP063,Koya mirasa,"82,2","8,0","1,0","0,4",Olahan,Serealia,KZGMI-2001
64,AP064,Koyabu,"47,2","3,4","4,3",-,Olahan,Serealia,KZGMI-2001
65,AP065,Kue ali,"64,5","3,8","18,5","0,3",Olahan,Serealia,KZGMI-2001
66,AP066,Kue bangen,"74,2","3,3","14,7",-,Olahan,Serealia,KZGMI-2001
67,AP067,Kue gelang,"70,0","5,8","16,1",-,Olahan,Serealia,KZGMI-2001
68,AP068,Kue jahe,"84,6","1,6","8,8","1,2",Olahan,Serealia,KZGPI-1990
69,AP069,Kue kelapa,"47,5","5,6","42,1",-,Olahan,Serealia,KZGMI-2001
70,AP070,Kue koa,"79,3","4,8","0,4",-,Olahan,Serealia,KZGMI-2001
71,AP071,Kue ku temu,"49,6","3,5","0,2",-,Olahan,Serealia,KZGMI-2001
72,AP072,Kue lumpur,"44,1","3,6","11,1",-,Olahan,Serealia,KZGMS-1993
73,AP073,Kue pelita,"17,6","5,3","5,5",-,Olahan,Serealia,KZGMI-2001
74,AP074,Kue putu cangkir,"54,9","5,3","7,0","0,9",Olahan,Serealia,KZGPI-1990
75,AP075,Kue sus,"24,8","7,5","10,2",-,Olahan,Serealia,KZGMS-1993
76,AP076,Kue thipan,"49,5","2,9","4,2",-,Olahan,Serealia,KZGMI-2001
77,AP077,Laksa/Putu mayang,"21,1","1,7","3,4",-,Olahan,Serealia,KZGMI-2001
78,AP078,Lapis legit,"55,5","6,6","15,7","0,5",Olahan,Serealia,KZGPI-1990
79,AP079,Lupis ketan,"34,5","1,8","2,1","0,7",Olahan,Serealia,KZGPI-1990
80,AP080,Manan samin,"50,6","3,4","18,1",-,Olahan,Serealia,KZGMI-2001
81,AP081,Martabak india,"24,3","4,5","4,2",-,Olahan,Serealia,KZGMI-2001
82,AP082,Martabak mesir,"45,0","5,1","8,6",-,Olahan,Serealia,KZGMI-2001
83,AP083,Masekat,"74,1","2,1","7,0","4,0",Olahan,Serealia,KZGMI-2001
84,AP084,Mie aceh rebus,"18,1","3,0","3,2",-,Olahan,Serealia,KZGMI-2001
85,AP085,Mie ayam,"10,5","6,2","3,9",-,Olahan,Serealia,KZGMS-1993
86,AP086,Mie bakso,"16,4","5,3","3,0","0,1",Olahan,Serealia,KZGMS-1993
87,AP087,Mie celon,"17,8","3,0","2,1",-,Olahan,Serealia,KZGMI-2001
88,AP088,Mie pangsit basah,"9,4","5,9","4,9",-,Olahan,Serealia,KZGMS-1993
89,AP089,Nasi gemuk,"24,4","3,8","8,8","0,7",Olahan,Serealia,KZGMI-2001
90,AP090,Nasi gurih,"26,0","4,7","7,5","0,7",Olahan,Serealia,KZGMI-2001
91,AP091,Nasi minyak,"37,1","3,5","5,0","0,8",Olahan,Serealia,KZGMI-2001
92,AP092,Nasi rames,"19,1","10,3","4,2",-,Olahan,Serealia,KZGMS-1993
93,AP093,Nopia spesial,"74,3","5,3","7,6","0,3",Olahan,Serealia,KZGPI-1990
94,AP094,Onde-onde,"57,9","4,0","9,8",-,Olahan,Serealia,KZGMI-2001
95,AP095,Padamaran,"18,8","3,9","8,9",-,Olahan,Serealia,KZGMI-2001
96,AP096,Pastel,"42,4","4,5","13,3",-,Olahan,Serealia,KZGMS-1993
97,AP097,Pulut,"44,4","2,6","3,1",-,Olahan,Serealia,KZGMI-2001
98,AP098,Pundut nasi,"15,1","1,9","4,1","0,4",Olahan,Serealia,KZGMI-2001
99,AP100,Putri selat,"23,8","2,2","6,5",-,Olahan,Serealia,KZGMI-2001
100,AP101,Putu sopa,"41,1","3,3","4,1",-,Olahan,Serealia,KZGMI-2001
101,AP102,Renggi goreng,"64,1","4,7","21,8","6,4",Olahan,Serealia,KZGMI-2001
102,AP103,Roti boong,"43,3","5,5","16,2",-,Olahan,Serealia,KZGMI-2001
103,AP104,Roti warna sawo matang,"49,7","7,9","1,5",-,Olahan,Serealia,DABM-1964
104,AP105,Sarimuka,"32,9","2,3","2,8",-,Olahan,Serealia,KZGMI-2001
105,AP106,Spaghetti,"22,6","7,4","2,1",-,Olahan,Serealia,KZGMS-1993
106,AP107,Srikaya ketan,"49,1","2,7","6,4",-,Olahan,Serealia,KZGMI-2001
107,AP108,Sunduk lawang,"32,4","1,9","1,3",-,Olahan,Serealia,KZGMI-2001
108,AP109,Suwir-suwir,"84,2","0,5","0,9","0,8",Olahan,Serealia,KZGPI-1990
109,AP110,Tipa-tipa,"79,8","6,2","1,2","1,3",Olahan,Serealia,KZGPI-1990
110,AP111,Wajit camilan,"63,3","6,3","2,7","6,9",Olahan,Serealia,KZGPI-1990
111,AP112,Widaran,"80,7","1,3","10,7","0,2",Olahan,Serealia,KZGPI-1990
112,AP113,Wingko babat,"51,4","3,2","15,1","2,4",Olahan,Serealia,KZGPI-1990
113,AP114,Yangko,"58,1","3,0","1,1","0,8",Olahan,Serealia,KZGPI-1990
114,AP99,Putri hijau,"37,2","5,4","2,1",-,Olahan,Serealia,KGZMI-2001
115,AR001,"Beras giling, mentah","77,1","8,4","1,7","0,2",Tunggal,Serealia,KZGMI-2001
116,AR002,"Beras giling var pelita, mentah","77,1","9,5","1,4","0,4",Tunggal,Serealia,KZGPI-1990
117,AR003,"Beras giling var rojolele, mentah","77,1","8,4","1,7","0,2",Tunggal,Serealia,KZGPI-1990
118,AR004,"Beras hitam, mentah","76,9","8,0","1,3","20,1",Tunggal,Serealia,KZGMI-2001
119,AR005,"Beras jagung kuning, kering, mentah","82,7","5,5","0,1","10,0",Tunggal,Serealia,KZGMI-2001
120,AR006,"Beras jagung putih, kering, mentah","71,8","4,8","0,1","10,0",Tunggal,Serealia,KZGMI-2001
121,AR007,"Beras ketan hitam tumbuk, mentah","74,5","8,0","2,3","1,0",Tunggal,Serealia,KZGPI-1990
122,AR008,"Beras ketan putih tumbuk, mentah","78,4","7,4","0,8","0,4",Tunggal,Serealia,KZGPI-1990
123,AR009,"Beras ladang, mentah","78,0","7,5","3,8","5,9",Tunggal,Serealia,KZGMI-2001
124,AR010,"Beras menir, mentah","73,0","7,7","4,4","0,2",Tunggal,Serealia,DABM-1964
125,AR011,Beras parboiled,"80,0","6,8","0,6","0,5",Tunggal,Serealia,DABM-1964
126,AR012,"Beras tumbuk, mentah","79,9","7,8","0,4","3,8",Tunggal,Serealia,KZGMI-2001
127,AR013,"Beras tumbuk merah, mentah","76,2","7,3","0,9","0,8",Tunggal,Serealia,KZGPI-1990
128,AR014,"Cantel, mentah","73,0","11,0","3,3","1,2",Tunggal,Serealia,DABM-1964
129,AR015,"Jagung muda, kuning, mentah","31,5","5,1","0,7","1,3",Tunggal,Serealia,KZGPI-1990
130,AR016,"Jagung kuning pipil, kering, mentah","69,1","9,8","7,3","2,2",Tunggal,Serealia,KZGPI-1990
131,AR017,"Jagung pipil var. harapan, kering","76,2","6,2","5,1","2,6",Tunggal,Serealia,KZGPI-1990
132,AR018,"Jagung pipil var. metro, kering","78,0","5,5","4,6","2,9",Tunggal,Serealia,KZGPI-1990
133,AR019,"Jali, mentah","61,0","11,0","4,0","3,1",Tunggal,Serealia,DABM-1964
134,AR020,"Jawawut, mentah","73,4","9,7","3,5","8,2",Tunggal,Serealia,DABM-1964
135,AR021,"Jampang huma, mentah","78,2","6,2","1,4","1,7",Tunggal,Serealia,DABM-1964
136,BP001,"Batatas kelapa, ubi, bakar","23,4","1,4","1,1","4,5",Olahan,Umbi,KZGMI-2001
137,BP002,"Batatas kelapa, ubi, kukus","21,0","1,2","0,3","4,1",Olahan,Umbi,KZGMI-2001
138,BP003,"Batatas tali, ubi, rebus","42,2","2,4","0,4","9,2",Olahan,Umbi,KZGMI-2001
139,BP004,"Belitung, talas, kukus","34,2","1,2","0,4","1,0",Olahan,Umbi,KZGPI-1990
140,BP005,"Bentul, talas, kukus","15,4","2,3","0,3","0,5",Olahan,Umbi,KZGPI-1990
141,BP006,"Gadung, ubi, kukus","20,9","0,6","0,3","0,9",Olahan,Umbi,KZGPI-1990
142,BP007,"Ganyong, rebus","23,8","0,8","0,2","0,9",Olahan,Umbi,KZGPI-1990
143,BP008,Ketela pohon/singkong kukus,"36,4","1,2","0,3","1,3",Olahan,Umbi,KZGPI-1990
144,BP009,"Suweg, talas, kukus","21,9","1,5","0,1","0,9",Olahan,Umbi,KZGPI-1990
145,BP010,"Talas bogor, kukus","28,2","1,5","0,3","0,7",Olahan,Umbi,KZGPI-1990
146,BP011,"Ubi jalar, kuning, kukus","23,8","0,7","0,3","1,0",Olahan,Umbi,KZGPI-1990
147,BP012,Ubi jalar tinta/ kemayung kukus,"39,8","0,9","0,2","1,1",Olahan,Umbi,KZGPI-1990
148,BP013,Bagea kelapa asin,"78,1","3,2","13,9",-,Olahan,Umbi,KZGMI-2001
149,BP014,Bagea kelapa manis,"80,6","1,3","13,8",-,Olahan,Umbi,KZGMI-2001
150,BP015,Bagea kenari asin,"63,6","3,2","29,1",-,Olahan,Umbi,KZGMI-2001
151,BP016,Bagea kenari manis,"64,2","3,2","28,2",-,Olahan,Umbi,KZGMI-2001
152,BP017,Bagea kw 1,"76,3","6,5","9,4","0,4",Olahan,Umbi,KZGPI-1990
153,BP018,Bagea kw 2,"87,2","0,3","3,5","0,9",Olahan,Umbi,KZGPI-1990
154,BP019,Beras Cerdas,"82,3","2,7","1,1","6,2",Olahan,Umbi,BKP
155,BP020,Beras ganyong,"86,3","3,4","0,7","4,7",Olahan,Umbi,BKP
156,BP021,Beras Siger,"28,3","1,1","0,2","5,6",Olahan,Umbi,BKP
157,BP022,Biji nangka/Biji salak,"51,1","2,3","5,4","8,0",Olahan,Umbi,KZGMI-2001
158,BP023,Bubur sagu,"33,0","0,2","4,0",-,Olahan,Umbi,KZGMI-2001
159,BP024,Cassavastick,"17,2","0,8","18,7","1,6",Olahan,Umbi,KZGPI-1990
160,BP025,Ceriping getuk singkong,"67,7","1,2","20,7","0,6",Olahan,Umbi,KZGPI-1990
161,BP026,Gatot,"83,8","1,3","0,7","5,8",Olahan,Umbi,BKP
162,BP027,Geblek,"44,4","0,4","1,7","3,6",Olahan,Umbi,BKP
163,BP028,Getuk goreng,"74,3","1,3","6,4","0,8",Olahan,Umbi,KZGPI-1990
164,BP029,Getuk singkong,"47,4","0,5","1,4","0,8",Olahan,Umbi,KZGPI-1990
165,BP030,Gurandil,"48,5","0,5","2,5","3,1",Olahan,Umbi,KZGPI-1990
166,BP031,Kabuto,"35,4","2,6","2,5","1,8",Olahan,Umbi,KZGMI-2001
167,BP032,Kapurung,"7,8","2,0","0,3","2,0",Olahan,Umbi,KZGMI-2001
168,BP033,Kecimpring singkong goreng,"73,0","1,2","18,6","1,3",Olahan,Umbi,KZGPI-1990
169,BP034,Keremes,"64,4","1,6","25,2","2,1",Olahan,Umbi,KZGPI-1990
170,BP035,Keripik gadung,"76,0","2,8","14,5","1,7",Olahan,Umbi,KZGPI-1990
171,BP036,Keripik kentang,"67,1","2,7","18,8","3,8",Olahan,Umbi,KZGMI-2001
172,BP037,Keripik singkong,"72,0","0,9","20,7","2,0",Olahan,Umbi,KZGPI-1990
173,BP038,Keripik singkong berbumbu,"73,6","2,2","19,7","1,6",Olahan,Umbi,KZGPI-1990
174,BP039,Keripik ubi,"67,6","0,2","23,9","14,3",Olahan,Umbi,KZGMI-2001
175,BP040,Kerupuk cumi goreng,"71,3","6,9","14,6","5,0",Olahan,Umbi,KZGMI-2001
176,BP041,Kerupuk kemplang (ikan) mentah,"78,5","1,8","0,4","4,5",Olahan,Umbi,KZGMI-2001
177,BP042,Kerupuk kemplang goreng,"57,1","5,6","28,1","0,3",Olahan,Umbi,KZGPI-1990
178,BP043,Kerupuk kemplang panggang,"76,9","9,7","1,1","1,0",Olahan,Umbi,KZGPI-1990
179,BP044,Kerupuk mie kuning goreng,"71,3","0,1","21,1","4,2",Olahan,Umbi,KZGPI-1990
180,BP045,Kerupuk udang goreng,"68,5","4,7","20,5","5,0",Olahan,Umbi,KZGMI-2001
181,BP046,Kue bangket,"80,3","1,5","1,2",-,Olahan,Umbi,KZGMI-2001
182,BP047,Kue putu singkong,"53,2","1,2","0,5","2,4",Olahan,Umbi,KZGMI-2001
183,BP048,Lanting getuk,"80,4","0,9","10,8","1,4",Olahan,Umbi,KZGPI-1990
184,BP049,Mi golosor,"15,9","0,2","0,8","0,1",Olahan,Umbi,KZGPI-1990
185,BP050,Mie Bendo,"88,0","0,3",-,"2,4",Olahan,Umbi,BKP
186,BP051,Mie Sagu,"46,5","0,2","0,4","1,4",Olahan,Umbi,BKP
187,BP052,Ongol-ongol sagu,"21,2","0,3","2,7","0,3",Olahan,Umbi,KZGPI-1990
188,BP053,Oyek,"84,9","0,9","0,9","4,3",Olahan,Umbi,BKP
189,BP054,Papeda,"14,9","0,2","0,1","0,5",Olahan,Umbi,KZGMI-2001
190,BP055,Rasbi (Beras Ubi),"76,6","2,2","8,8","6,8",Olahan,Umbi,BKP
191,BP056,Rasi (Beras Singkong),"85,7","0,9","0,4","14,4",Olahan,Umbi,BKP
192,BP057,Sagu forno,"63,4","0,5","4,0",-,Olahan,Umbi,KZGMI-2001
193,BP058,Sagu Lemak (Kue Sagon),"76,8","2,8","14,8","1,1",Olahan,Umbi,BKP
194,BP059,Sagu manis,"62,4","0,5","3,9",-,Olahan,Umbi,KZGMI-2001
195,BP060,Sagu Rendang,"90,5","0,1","0,2","1,9",Olahan,Umbi,BKP
196,BP061,Sagu sinole,"68,9","0,8","8,3",-,Olahan,Umbi,KZGMI-2001
197,BP062,Serimping talas kebumen,"69,2","2,5","21,2","1,7",Olahan,Umbi,KZGPI-1990
198,BP063,Tapai singkong,"40,2","1,4","0,3","2,0",Olahan,Umbi,KZGPI-1990
199,BP064,Tepung Arrowroot,"85,2","0,7","0,2","0,4",Olahan,Umbi,DABM-1964
200,BP065,Tepung Ganyong,"83,6","0,8","1,7","0,7",Olahan,Umbi,BKP
201,BP066,Tepung Gaplek,"83,1","2,4","0,4","6,7",Olahan,Umbi,BKP
202,BP067,"Tepung kentang, kering","85,6","0,3","0,1","0,4",Olahan,Umbi,DABM-1964
203,BP068,Tepung Mocaf,"85,0","1,2","0,6","6,0",Olahan,Umbi,BKP
204,BP069,Tepung Sente,"76,7","4,0","0,4","8,5",Olahan,Umbi,BKP
205,BP070,Tepung singkong/ Tapioka,"88,2","1,1","0,5","0,9",Olahan,Umbi,DABM-1964
206,BP071,Tepung Tales Beneng,"76,1","5,7","0,6","12,2",Olahan,Umbi,BKP
207,BP072,Tepung Ubi Ungu,"84,4","2,8","0,6","12,9",Olahan,Umbi,BKP
208,BP073,Tiwul,"83,4","2,4","1,1","6,5",Olahan,Umbi,BKP
209,BP074,Tiwul Instan,"76,5","3,2","8,5","4,2",Olahan,Umbi,BKP
210,BP075,Ubi Cilembu,"44,3","1,9","0,2","3,4",Olahan,Umbi,BKP
211,BP076,Uli batatas,"27,4","1,1","4,0",-,Olahan,Umbi,KZGMI-2001
212,BR001,"Arrowroot, segar","24,1","1,0","0,2","1,7",Tunggal,Umbi,KZGPI-1990
213,BR002,"Batatas gembili, segar","16,0","1,1","0,9","4,2",Tunggal,Umbi,KZGMI-2001
214,BR003,"Batatas kelapa, ubi, segar","21,0","1,1","0,1","4,0",Tunggal,Umbi,KZGMI-2001
215,BR004,"Belitung, talas, segar","34,2","1,2","0,4","1,5",Tunggal,Umbi,KZGPI-1990
216,BR005,"Bengkuang, segar","12,8","1,4","0,2","1,0",Tunggal,Umbi,DABM-1964
217,BR006,"Bentul (Komba), talas, segar","20,9","1,6","0,7","0,7",Tunggal,Umbi,KZGPI-1990
218,BR007,"Gadeng/Gadung, kering","76,6","2,4","0,6",-,Tunggal,Umbi,KZGMI-2001
219,BR008,"Gadung, ubi, segar","23,5","0,9","0,3","2,1",Tunggal,Umbi,KZGPI-1990
220,BR009,"Ganyong, segar","18,4","0,6","0,2","0,8",Tunggal,Umbi,KZGPI-1990
221,BR010,"Gembili, ubi, segar","31,3","1,1","0,2","1,1",Tunggal,Umbi,KZGPI-1990
222,BR011,"Hofa/Ubi hutan, segar","29,5","1,2","0,5","3,4",Tunggal,Umbi,KZGMI-2001
223,BR012,"Kaburan, ubi, segar","32,2","1,0","0,2","0,7",Tunggal,Umbi,KZGPI-1990
224,BR013,"Kentang, segar","13,5","2,1","0,2","0,5",Tunggal,Umbi,KZGPI-1990
225,BR014,"Kentang hitam, segar","33,7","0,9","0,4","5,4",Tunggal,Umbi,DABM-1964
226,BR015,"Keribang, ubi, segar","29,8","1,3","1,1","0,6",Tunggal,Umbi,KZGPI-1990
227,BR016,"Ketela pohon/ singkong, segar","36,8","1,0","0,3","0,9",Tunggal,Umbi,KZGPI-1990
228,BR017,Lepok/Ubi rumput,"39,8","2,8","1,2","10,7",Tunggal,Umbi,KZGMI-2001
229,BR018,"Sagu aren, kering","85,6","0,6","1,1","0,3",Tunggal,Umbi,KZGPI-1990
230,BR019,"Sagu aren, segar","56,6","0,6","0,2","3,2",Tunggal,Umbi,KZGMI-2001
231,BR020,Sagu kasbi segar,"56,5","0,6","0,2","3,0",Tunggal,Umbi,KZGMI-2001
232,BR021,Sagu lempeng,"85,2","0,9","0,3","4,7",Tunggal,Umbi,KZGMI-2001
233,BR022,"Sagu singkong, kering","86,9","0,5","0,3",-,Tunggal,Umbi,DABM-1964
234,BR023,"Sente, talas, segar","84,7","0,7","0,2","6,6",Tunggal,Umbi,DABM-1964
235,BR024,"Suweg, talas, segar","17,2","1,4","0,1","1,4",Tunggal,Umbi,KZGPI-1990
236,BR025,"Talas bogor, segar","25,0","1,4","0,4","0,9",Tunggal,Umbi,KZGPI-1990
237,BR026,"Talas pontianak, segar","36,4","2,3","0,5","0,7",Tunggal,Umbi,KZGPI-1990
238,BR027,"Talas viqueque, segar","25,9","1,8","0,5","8,6",Tunggal,Umbi,KZGMI-2001
239,BR028,"Ubi jalar, kuning, segar","25,1","0,5","0,4","4,2",Tunggal,Umbi,KZGMI-2001
240,BR029,"Ubi jalar manis, segar","18,8","1,5","0,2","0,6",Tunggal,Umbi,KZGPI-1990
241,BR030,"Ubi jalar merah, segar","35,4","1,6","0,3","0,7",Tunggal,Umbi,KZGPI-1990
242,BR031,"Ubi jalar putih, segar","20,6","0,4","0,4","4,0",Tunggal,Umbi,KZGMI-2001
243,BR032,Ubi jalar tinta/ kemayung,"25,6","0,5","0,4","4,2",Tunggal,Umbi,KZGMI-2001
244,BR033,"Umbi Uwi, segar","82,3","2,8","0,5","2,6",Tunggal,Umbi,BKP
245,CP001,"Kacang belimbing (kecipir), rebus","17,5","16,9","8,8","4,8",Olahan,Kacang,KZGPI-1990
246,CP002,"Kacang bogor, goreng","58,9","12,7","23,2","1,2",Olahan,Kacang,KZGPI-1990
247,CP003,"Kacang bogor, rebus","27,1","7,7","2,8","2,0",Olahan,Kacang,KZGPI-1990
248,CP004,"Kacang gude, rebus","27,5","9,0","0,5","3,4",Olahan,Kacang,KZGPI-1990
249,CP005,"Kacang hijau, rebus","18,3","8,7","0,5","1,5",Olahan,Kacang,KZGPI-1990
250,CP006,"Kacang kedelai, goreng","22,9","32,2","37,7","7,6",Olahan,Kacang,KZGPI-1990
251,CP007,"Kacang kedelai, rebus","12,7","20,2","8,2","1,6",Olahan,Kacang,KZGPI-1990
252,CP008,"Kacang merah kering, rebus","28,2","10,3","0,9","2,6",Olahan,Kacang,KZGPI-l990
253,CP009,"Kacang merah segar, rebus","24,7","10,0","1,0","3,5",Olahan,Kacang,KZGPI-l990
254,CP010,"Kacang mete/biji jambu monyet, goreng","19,8","20,4","56,3","1,1",Olahan,Kacang,KZGPI-1990
255,CP011,Kacang tanah rebus dg kulit,"12,8","13,5","31,2",-,Olahan,Kacang,DABM-1964
256,CP012,"Kacang tanah, goreng","25,5","25,5","44,4","2,8",Olahan,Kacang,KZGPI-l990
257,CP013,"Kacang tanah, rebus","8,0","10,6","18,0","1,0",Olahan,Kacang,KZGPI-l990
258,CP014,"Kacang tolo / tunggak, rebus","22,6","10,7","1,1","0,9",Olahan,Kacang,KZGPI-l990
259,CP015,Ampas kacang hijau,"19,1","3,7","0,6","2,7",Olahan,Kacang,KZGPI-1990
260,CP016,"Ampas tahu, mentah","8,1","5,0","2,1","4,1",Olahan,Kacang,KZGPI-1990
261,CP017,Ampas tahu kukus,"10,7","4,1","2,1","5,1",Olahan,Kacang,KZGPI-1990
262,CP018,"Ampas tahu, kering","41,3","26,6","18,3",-,Olahan,Kacang,DABM-1964
263,CP019,Pepes oncom ampas tahu,"10,6","5,2","1,8","2,2",Olahan,Kacang,KZGPI-1990
264,CP020,Bungkil biji karet,"50,0","29,3","3,3",-,Olahan,Kacang,DABM-1964
265,CP021,Bungkil kacang tanah,"30,5","37,4","13,0",-,Olahan,Kacang,DABM-1964
266,CP022,Bungkil kelapa,"40,0","23,0","15,0",-,Olahan,Kacang,DABM-1964
267,CP023,Dodol banjarmasin,"70,0","2,6","8,6","0,5",Olahan,Kacang,KZGMI-2001
268,CP024,Emping (kerupuk melinjo),"71,5","12,0","1,5",-,Olahan,Kacang,DABM-1964
269,CP025,Emping komak,"60,7","17,8","4,6",-,Olahan,Kacang,KZGMI-2001
270,CP026,Enting-enting gepuk hello kity,"52,6","13,6","30,3","0,2",Olahan,Kacang,KZGPI-1990
271,CP027,Enting-enting gepuk kacang tanah,"52,0","13,3","29,2","0,2",Olahan,Kacang,KZGPI-1990
272,CP028,Enting-enting wijen,"36,8","18,2","38,4","1,9",Olahan,Kacang,KZGPI-1990
273,CP029,Geplak,"53,6","1,4","14,4","1,8",Olahan,Kacang,KZGMI-2001
274,CP030,Geplak jahe,"57,7","3,1","24,4","3,3",Olahan,Kacang,KZGMI-2001
275,CP031,Kacang atom,"28,8","27,8","38,1","2,5",Olahan,Kacang,KZGPI-1990
276,CP032,Kacang goyang,"44,4","14,7","31,1",-,Olahan,Kacang,KZGMI-2001
277,CP033,Kacang negara,"58,5","18,4","19,1","11,7",Olahan,Kacang,KZGMI-2001
278,CP034,Kacang sukro,"57,7","8,8","26,1","1,8",Olahan,Kacang,KZGPI-1990
279,CP035,Kacang tanah sari,"26,0","25,5","43,8","2,2",Olahan,Kacang,KZGPI-1990
280,CP036,Keju kacang tanah (peanut butter),"20,9","27,0","49,0","1,6",Olahan,Kacang,DABM-1964
281,CP037,Kembang tahu,"23,3","48,9","13,8",-,Olahan,Kacang,KZGPI-1990
282,CP038,Kembang tahu rebus,"4,7","10,7","4,0",-,Olahan,Kacang,KZGPI-1990
283,CP039,Keripik oncom,"42,6","8,3","43,8","3,3",Olahan,Kacang,KZGPI-1990
284,CP040,Keripik tempe,"41,7","12,1","40,6","2,2",Olahan,Kacang,KZGPI-1990
285,CP041,Keripik tempe abadi besar,"39,8","15,8","37,1","3,5",Olahan,Kacang,KZGPI-1990
286,CP042,Keripik tempe abadi murni,"11,6","40,3","42,4","2,2",Olahan,Kacang,KZGPI-1990
287,CP043,Keripik tempe abadi sedang,"52,4","12,3","27,9","3,6",Olahan,Kacang,KZGPI-1990
288,CP044,Keripik tempe abadi telur,"40,2","20,8","31,7","3,0",Olahan,Kacang,KZGPI-1990
289,CP045,Keripik tempe abadi prima,"42,0","16,7","33,9","2,2",Olahan,Kacang,KZGPI-1990
290,CP046,Kwaci,"13,8","30,6","42,1","13,6",Olahan,Kacang,DABM-1964
291,CP047,Melinjo emping tebal goreng manis,"65,7","10,0","16,4",-,Olahan,Kacang,KZGPI-1990
292,CP048,"Melinjo emping tebal, goreng asin","63,0","11,1","16,2",-,Olahan,Kacang,KZGPI-1990
293,CP049,Melinjo emping tipis goreng,"59,1","11,5","24,5",-,Olahan,Kacang,KZGPI-1990
294,CP050,Moon tahu,"1,3","8,0","10,0","0,2",Olahan,Kacang,KZGMS-1993
295,CP051,Oncom,"22,6","13,0","6,0",-,Olahan,Kacang,DABM-1964
296,CP052,Oncom ampas kacang hijau,"65,7","14,9","6,0","12,3",Olahan,Kacang,KZGPI-1990
297,CP053,Oncom kacang hijau + singkong,"65,9","11,0","5,3","9,0",Olahan,Kacang,KZGPI-1990
298,CP054,Oncom kacang tanah pepes,"13,7","12,7","3,8","3,1",Olahan,Kacang,KZGPI-1990
299,CP055,Rempeyek kacang tanah,"44,3","17,5","32,5","1,7",Olahan,Kacang,KZGPI-1990
300,CP056,Rempeyek kacang tolo,"59,7","11,2","20,2","1,8",Olahan,Kacang,KZGPI-1990
301,CP057,Rempeyek kacang uci,"50,8","17,0","27,6","2,4",Olahan,Kacang,KZGPI-1990
302,CP058,Sayur lebui,"12,5","2,1","0,6","5,7",Olahan,Kacang,KZGMI-2001
303,CP059,"Saridele, bubuk","43,0","30,0","20,0","6,2",Olahan,Kacang,DABM-1964
304,CP060,Susu kedelai,"5,0","3,5","2,5","0,2",Olahan,Kacang,DABM-1964
305,CP061,"Tahu, mentah","0,8","10,9","4,7","0,1",Olahan,Kacang,KZGPI-1990
306,CP062,Tahu goreng,"2,5","9,7","8,5","0,1",Olahan,Kacang,KZGPI-1990
307,CP063,Tahu telur,"24,6","12,6","19,9","0,4",Olahan,Kacang,KZGMS-1993
308,CP064,Takwa,"4,0","13,8","8,5",-,Olahan,Kacang,KZGPI-1990
309,CP065,Tauco,"22,2","11,4","5,5","1,9",Olahan,Kacang,KZGPI-1990
310,CP066,"Tauco cap beruang, cake","67,6","7,4","5,2","3,2",Olahan,Kacang,KZGPI-1990
311,CP067,"Tauco cap DAS, cake","70,4","7,5","4,3","3,1",Olahan,Kacang,KZGPI-1990
312,CP068,Tauco cap meong,"21,3","7,4","4,9","1,6",Olahan,Kacang,KZGPI-1990
313,CP069,Tauji cap singa,"49,6","9,1","4,7","1,2",Olahan,Kacang,KZGPI-1990
314,CP070,Tempe bongkrek,"18,3","4,4","3,5",-,Olahan,Kacang,DABM-1964
315,CP071,Tempe gembus P3G,"10,3","5,7","1,3","4,2",Olahan,Kacang,KZGPI-1990
316,CP072,Tempe gembus yogya,"10,6","6,8","0,7","5,3",Olahan,Kacang,KZGPI-1990
317,CP073,Tempe kacang babi,"21,9","12,5","0,8","1,8",Olahan,Kacang,KZGPI-1990
318,CP074,Tempe kecipir (kacang belimbing),"12,9","17,5","10,0","2,9",Olahan,Kacang,KZGPI-1990
319,CP075,Tempe kedelai + jagung,"11,4","12,0","5,5","1,9",Olahan,Kacang,KZGPI-1990
320,CP076,"Tempe kedelai murni, goreng","10,4","24,5","26,6","4,2",Olahan,Kacang,KZGPI-1990
321,CP077,"Tempe kedelai murni, mentah","13,5","20,8","8,8","1,4",Olahan,Kacang,KZGPI-1990
322,CP078,Tempe koro benguk,"23,2","10,2","1,3",-,Olahan,Kacang,DABM-1964
323,CP079,Tempe lamtoro,"21,3","10,7","0,5","7,1",Olahan,Kacang,KZGPI-1990
324,CP080,Tempe lamtoro var. gung dengan kulit,"19,6","11,7","2,3","7,6",Olahan,Kacang,KZGPI-1990
325,CP081,Tempe lamtoro var. gung tanpa kulit,"13,0","18,0","0,8","1,3",Olahan,Kacang,KZGPI-1990
326,CP082,Tempe pasar,"9,1","14,0","7,7","1,4",Olahan,Kacang,KZGPI-1990
327,CP083,Tempe pasar goreng,"7,8","20,0","28,0","3,4",Olahan,Kacang,KZGPI-1990
328,CP084,Tepung hunkwe (pati kacang ijo),"83,5","4,5","1,0","16,1",Olahan,Kacang,DABM-1964
329,CP085,Tepung Jalejo,"61,2","19,0","7,5","5,8",Olahan,Kacang,BKP
330,CP086,Tepung kacang kedelai,"29,9","35,9","20,6","5,8",Olahan,Kacang,DABM-1964
331,CR001,"Kacang arab, kering","60,2","23,8","1,4","17,4",Tunggal,Kacang,DABM-1964
332,CR002,"Kacang babi, kering","51,3","30,4","3,2","4,5",Tunggal,Kacang,KZGPI-1990
333,CR003,"Kacang belimbing (kecipir), kering","34,1","34,4","16,9","10,7",Tunggal,Kacang,KZGPI-1990
334,CR004,"Kacang beracun, segar","21,6","4,4","1,5",-,Tunggal,Kacang,KZGMI-2001
335,CR005,"Kacang bogor, kering","65,0","16,0","6,0","26,3",Tunggal,Kacang,DABM-1964
336,CR006,"Kacang bogor, segar","27,4","7,7","3,1","2,5",Tunggal,Kacang,KZGPI-1990
337,CR007,"Kacang endel, biji, kering","58,0","25,0","1,0","23,6",Tunggal,Kacang,DABM-1964
338,CR008,"Kacang ercis, segar","18,3","12,4","0,7","28,6",Tunggal,Kacang,KZGMI-2001
339,CR009,"Kacang galing, segar","59,5","23,1","1,7",-,Tunggal,Kacang,DABM-1964
340,CR010,"Kacang gude, biji, kering","58,0","20,7","1,0","4,6",Tunggal,Kacang,KZGPI-1990
341,CR011,"Kacang gude, biji, segar","20,8","7,0","0,6","4,4",Tunggal,Kacang,DABM-1964
342,CR012,"Kacang hijau var. bakti, kering","70,7","17,1","1,8","5,7",Tunggal,Kacang,KZGPI-1990
343,CR013,"Kacang hijau var. siwalik, kering","64,6","20,8","2,1","7,4",Tunggal,Kacang,KZGPI-1990
344,CR014,"Kacang hijau, kering","56,8","22,9","1,5","7,5",Tunggal,Kacang,KZGPI-1990
345,CR015,"Kacang hitam, kering","66,1","16,6","1,7","22,8",Tunggal,Kacang,KZGMI-2001
346,CR016,"Kacang kapri, segar","17,7","6,7","0,4","6,2",Tunggal,Kacang,DABM-1964
347,CR017,"Kacang kedelai, kering","24,9","40,4","16,7","3,2",Tunggal,Kacang,KZGPI-1990
348,CR018,"Kacang kedelai, segar","30,1","30,2","15,6",-,Tunggal,Kacang,DABM-1964
349,CR019,"Kacang kincai, kering","55,0","19,9","16,0",-,Tunggal,Kacang,KZGMI-2001
350,CR020,"Kacang komak, segar","55,8","16,4","4,3","0,5",Tunggal,Kacang,KZGMI-2001
351,CR021,"Kacang kuning, kering","66,0","17,0","2,5","15,1",Tunggal,Kacang,KZGMI-2001
352,CR022,"Kacang lebui /iris, kering","66,6","16,5","1,5","37,3",Tunggal,Kacang,KZGMI-2001
353,CR023,"Kacang mentega, kering","64,6","16,7","2,1","13,0",Tunggal,Kacang,KZGMI-2001
354,CR024,"Kacang merah/banda, kering","66,9","13,9","3,0","26,3",Tunggal,Kacang,KZGMI-2001
355,CR025,"Kacang merah tua, kering","63,2","16,7","1,6","4,6",Tunggal,Kacang,KZGPI-l990
356,CR026,"Kacang merah, kering","56,2","22,1","1,1","4,0",Tunggal,Kacang,KZGPI-l990
357,CR027,"Kacang merah, segar","28,0","11,0","2,2","2,1",Tunggal,Kacang,KZGPI-l990
358,CR028,"Kacang mete/biji jambu monyet, segar","28,7","16,3","48,4","0,9",Tunggal,Kacang,KZGMI-2001
359,CR029,"Kacang panjang, biji, kering","68,6","17,3","1,5","10,6",Tunggal,Kacang,DABM-1964
360,CR030,Kacang tanah sangan,"24,1","29,5","43,0","2,9",Tunggal,Kacang,KZGPI-l990
361,CR031,Kacang tanah sangan tanpa selaput,"23,6","26,9","44,2","2,6",Tunggal,Kacang,DABM-1964
362,CR032,"Kacang tanah, kering","17,4","27,9","42,7","2,4",Tunggal,Kacang,KZGPI-l990
363,CR033,"Kacang tolo / tunggak, kering","56,6","24,4","1,9","1,6",Tunggal,Kacang,KZGPI-l990
364,CR034,"Kacang tunis, kering","72,9","12,2","1,2","29,5",Tunggal,Kacang,KZGMI-2001
365,CR035,"Kacang uci, kering","60,6","23,4","2,4","7,4",Tunggal,Kacang,KZGPI-l990
366,CR036,"Kacang urei, kering","69,3","12,8","1,8","26,1",Tunggal,Kacang,KZGMI-2001
367,CR037,"Kenari banda, kering","13,7","13,9","56,2",-,Tunggal,Kacang,KZGMI-2001
368,CR038,"Kenari, kering","13,0","15,0","66,0",-,Tunggal,Kacang,DABM-1964
369,CR039,"Komak polong, segar","21,2","3,3","0,1","10,3",Tunggal,Kacang,KZGMI-2001
370,CR040,"Koro andong, kering","61,6","20,5","4,1","7,0",Tunggal,Kacang,KZGPI-1990
371,CR041,"Koro benguk, biji, kering","55,0","24,0","3,0","5,6",Tunggal,Kacang,DABM-1964
372,CR042,"Koro kerupuk, biji, segar","22,1","8,3","0,7","2,2",Tunggal,Kacang,DABM-1964
373,CR043,"Koro loke, biji, segar","7,9","2,7","0,2","3,5",Tunggal,Kacang,DABM-1964
374,CR044,"Koro roay, kering","69,4","12,5","2,1","7,5",Tunggal,Kacang,KZGPI-1990
375,CR045,"Koro wedus, biji, kering","61,0","22,2","1,5","5,8",Tunggal,Kacang,DABM-1964
376,CR046,"Lamtoro biji, muda, segar","15,4","5,7","0,3","10,8",Tunggal,Kacang,DABM-1964
377,CR047,"Lamtoro biji, tua, segar","26,2","10,6","0,5","17,0",Tunggal,Kacang,DABM-1964
378,CR048,Lamtoro var. gung tanpa kulit,"32,5","46,4","5,4","2,6",Tunggal,Kacang,KZGPI-1990
379,CR049,Lamtoro var. lokal dengan kulit,"59,7","23,8","1,2","15,4",Tunggal,Kacang,KZGPI-1990
380,CR050,"Nangka, biji, segar","36,7","4,2","0,1","1,8",Tunggal,Kacang,DABM-1964
381,CR051,"Saga merah terkupas, mentah","31,9","30,6","25,5","3,5",Tunggal,Kacang,KZGPI-1990
382,CR052,"Wijen, mentah","18,1","19,3","51,1","3,6",Tunggal,Kacang,DABM-1964
383,DP001,"Bayam, kukus","5,8","1,3","0,7","1,2",Olahan,Sayur,KZGPI-1990
384,DP002,"Bayam, rebus","3,7","1,2","0,6","1,1",Olahan,Sayur,KZGPI-1990
385,DP003,"Buncis, rebus","6,4","2,2","0,2","1,5",Olahan,Sayur,KZGPI-1990
386,DP004,"Daun kacang panjang, kukus","8,0","3,7","0,3","1,8",Olahan,Sayur,KZGPI-1990
387,DP005,"Daun katuk, rebus","9,1","5,3","0,9","1,2",Olahan,Sayur,KZGPI-1990
388,DP006,"Daun kelor, rebus","10,0","6,1","0,9","0,9",Olahan,Sayur,KZGPI-1990
389,DP007,"Daun mengkudu, kukus","11,5","3,8","1,5","2,4",Olahan,Sayur,KZGPI-1990
390,DP008,"Daun singkong, rebus","4,8","3,7","0,6","1,6",Olahan,Sayur,KZGPI-1990
391,DP009,"Daun talas, rebus","5,9","1,3","0,2","1,6",Olahan,Sayur,KZGPI-1990
392,DP010,"Daun ubi merah, kukus","13,0","3,1","0,3","1,5",Olahan,Sayur,KZGPI-1990
393,DP011,"Kacang panjang, kukus","7,6","3,0","0,6","1,7",Olahan,Sayur,KZGPI-1990
394,DP012,"Kacang panjang, rebus","5,8","2,3","0,4","1,4",Olahan,Sayur,KZGPI-1990
395,DP013,"Kangkung, kukus","4,7","3,2","0,7","1,8",Olahan,Sayur,KZGPI-1990
396,DP014,"Kangkung, rebus","3,1","2,5","0,6","1,2",Olahan,Sayur,KZGPI-1990
397,DP015,"Paria putih, kukus","3,4","0,8","0,2","1,2",Olahan,Sayur,KZGPI-1990
398,DP016,"Selada, rebus","2,9","2,7","0,2","0,7",Olahan,Sayur,KZGPI-1990
399,DP017,"Taoge, goreng","14,0","3,2","2,1","0,7",Olahan,Sayur,KZGPI-1990
400,DP018,"Taoge, seduh","4,0","3,0","0,8","1,0",Olahan,Sayur,KZGPI-1990
401,DP019,"Terung panjang, kukus","4,9","1,8","0,1","0,4",Olahan,Sayur,KZGPI-1990
402,DP020,"Wortel, rebus","6,3","0,7","0,5","0,8",Olahan,Sayur,KZGPI-1990
403,DP021,"Wortel, kukus","8,3","1,0","0,6","1,1",Olahan,Sayur,KZGPI-1990
404,DP022,"Asinan Bogor, sayuran","14,8","3,9","2,6","0,5",Olahan,Sayur,KZGMS-1993
405,DP023,"Anyang, sayur","10,3","3,4","7,9","5,4",Olahan,Sayur,KZGMI-2001
406,DP024,"Ares, sayur","11,2","0,9","7,2","4,7",Olahan,Sayur,KZGMI-2001
407,DP025,Arwan sirsir,"10,7","2,4","25,0","4,6",Olahan,Sayur,KZGMI-2001
408,DP026,Beberuk,"3,5","1,1","5,2","3,1",Olahan,Sayur,KZGMI-2001
409,DP027,Botok lamtoro,"13,0","11,7","9,7","2,1",Olahan,Sayur,KZGPI-1990
410,DP028,Buntil daun talas,"8,0","4,4","10,2","1,8",Olahan,Sayur,KZGPI-1990
411,DP029,Cammetutu,"8,7","3,2","6,0","4,3",Olahan,Sayur,KZGMI-2001
412,DP030,"Cap cai, sayur","4,2","5,8","6,3","0,6",Olahan,Sayur,KZGMS-1993
413,DP031,Gado-gado,"21,0","6,1","3,2","1,1",Olahan,Sayur,KZGPI-1990
414,DP032,"Gudeg, sayur","16,0","3,3","9,2","2,3",Olahan,Sayur,KZGPI-1990
415,DP033,Gulai pakis,"6,0","4,0","11,4","1,4",Olahan,Sayur,KZGPI-1990
416,DP034,Gulai pliek,"3,2","7,3","14,9",-,Olahan,Sayur,KZGMI-2001
417,DP035,Kadada katembe,"7,1","4,5","6,9","3,9",Olahan,Sayur,KZGMI-2001
418,DP036,"Kaparende, sayur","2,6","2,4","2,0","1,5",Olahan,Sayur,KZGMI-2001
419,DP037,"Karedok, sayur","14,1","2,2","3,3","1,4",Olahan,Sayur,KZGPI-1990
420,DP038,Keripik bayam,"50,2","4,9","40,6","0,5",Olahan,Sayur,KZGPI-1990
421,DP039,Kotiu hinela tawang nggole,"6,0","2,2","1,5","3,8",Olahan,Sayur,KZGMI-2001
422,DP040,Lema/Rebung asam,"1,9","1,0","0,4",-,Olahan,Sayur,KZGMI-2001
423,DP041,Lilin bungkus gedi,"5,8","2,3","5,2","2,5",Olahan,Sayur,KZGMI-2001
424,DP042,Olah-olah,"7,1","2,1","6,0","4,4",Olahan,Sayur,KZGMI-2001
425,DP043,Paku hinela wulelenggapaya,"5,4","3,5","4,6","3,6",Olahan,Sayur,KZGMI-2001
426,DP044,Pelecing kangkung,"10,0","2,5","2,8","5,4",Olahan,Sayur,KZGMI-2001
427,DP045,Purundawa,"3,6","1,5","0,5","1,7",Olahan,Sayur,KZGMI-2001
428,DP046,Rujak cingur,"8,0","11,3","8,4","1,4",Olahan,Sayur,KZGPI-1990
429,DP047,Sayur asem,"5,0","0,7","0,6","0,6",Olahan,Sayur,KZGPI-1990
430,DP048,Sayur bunga pepaya,"9,8","1,7","0,3","2,7",Olahan,Sayur,KZGMI-2001
431,DP049,Sayur garu,"10,6","2,6","13,9","8,4",Olahan,Sayur,KZGMI-2001
432,DP050,Sayur kohu-kohu,"11,2","7,3","6,6","1,2",Olahan,Sayur,KZGMI-2001
433,DP051,Sayur lilin-terubuk,"4,8","2,7","0,7","1,4",Olahan,Sayur,KZGMI-2001
434,DP052,Sayur ndusuk,"3,6","3,1","2,5",-,Olahan,Sayur,KZGMI-2001
435,DP053,Sayur sop,"1,0","1,3","2,0","0,3",Olahan,Sayur,KZGPI-1990
436,DP054,Sayur umbut kelapa,"5,1","5,2","2,9","1,4",Olahan,Sayur,KZGMI-2001
437,DP055,Sayur umbut rotan,"3,1","5,4","2,6","1,6",Olahan,Sayur,KZGMI-2001
438,DP056,Shabu-shabu,"0,8","3,2","8,0","0,9",Olahan,Sayur,KZGMS-1993
439,DP057,Semur jengkol,"29,1","6,0","10,0",-,Olahan,Sayur,KZGMS-1993
440,DP058,Tinira ninahu nggaluku,"4,1","1,2","1,3","3,1",Olahan,Sayur,KZGMI-2001
441,DP059,Tumis bayam bersantan,"2,6","1,4","4,2","0,5",Olahan,Sayur,KZGPI-1990
442,DP060,Waluh balamak,"8,1","0,8","0,9","7,9",Olahan,Sayur,KZGMI-2001
443,DP061,Woku ubi,"15,0","3,1","7,8","7,0",Olahan,Sayur,KZGMI-2001
444,DR001,"Akar tonjong, segar","10,8","1,1","0,4","1,2",Tunggal,Sayur,KZGPI-1990
445,DR002,"Ale,toge, segar","3,8","4,4","0,5","1,7",Tunggal,Sayur,KZGPI-1990
446,DR003,"Andaliman, segar","18,0","4,6","1,0","8,5",Tunggal,Sayur,KZGPI-1990
447,DR004,"Andewi, segar","5,3","1,6","0,2","4,1",Tunggal,Sayur,DABM-1964
448,DR005,"Bakung, segar","4,2","2,0","0,2","3,8",Tunggal,Sayur,KZGMI-2001
449,DR006,"Baligo, segar","3,0","0,4","0,2","0,4",Tunggal,Sayur,DABM-1964
450,DR007,"Bawang bombay, segar","10,3","1,4","0,2","2,0",Tunggal,Sayur,DABM-1964
451,DR008,"Bayam, segar","2,9","0,9","0,4","0,7",Tunggal,Sayur,KZGPI-1990
452,DR009,"Bayam merah, segar","6,3","2,2","0,8","2,2",Tunggal,Sayur,KZGMI-2001
453,DR010,"Bit, segar","9,6","1,6","0,1","2,6",Tunggal,Sayur,DABM-1964
454,DR011,Buah kelor,"7,5","1,5","0,2","3,2",Tunggal,Sayur,KZGMI-2001
455,DR012,Buah merah,"13,1","2,6","2,7","4,0",Tunggal,Sayur,KZGMI-2001
456,DR013,"Buncis, segar","7,2","2,4","0,3","1,9",Tunggal,Sayur,KZGPI-1990
457,DR014,"Bunga pepaya, segar","8,1","2,6","0,3","1,6",Tunggal,Sayur,KZGPI-1990
458,DR015,"Bunga turi, segar","6,1","2,0","1,1","3,3",Tunggal,Sayur,BKP
459,DR016,"Caisin, segar","3,4","1,7","0,4","1,2",Tunggal,Sayur,KZGPI-1990
460,DR017,"Daun bangun-bangun, segar","4,0","1,3","0,6","1,0",Tunggal,Sayur,KZGPI-1990
461,DR018,"Daun bawang merah, segar","7,8","2,0","0,3","2,1",Tunggal,Sayur,KZGMI-2001
462,DR019,"Daun bebuas, segar","7,3","2,7","1,0","2,1",Tunggal,Sayur,KZGPI-1990
463,DR020,"Daun belem, segar","7,8","4,4","1,4","1,9",Tunggal,Sayur,KZGPI-1990
464,DR021,"Daun bluntas, segar","9,4","1,8","0,5",-,Tunggal,Sayur,DABM-1964
465,DR022,"Daun gandaria, segar","14,0","3,1","0,3","2,1",Tunggal,Sayur,DABM-1964
466,DR023,"Daun gedi besar, segar","10,0","2,9","0,7","3,3",Tunggal,Sayur,KZGMI-2001
467,DR024,"Daun gedi kecil, segar","10,4","3,2","0,7","3,4",Tunggal,Sayur,KZGMI-2001
468,DR025,"Daun gelang, segar","5,8","1,3","0,7","1,3",Tunggal,Sayur,KZGPI-1990
469,DR026,"Daun gunda bali, segar","7,0","4,6","0,9","1,4",Tunggal,Sayur,KZGPI-1990
470,DR027,"Daun gunda serang, segar","9,2","4,2","0,9","1,3",Tunggal,Sayur,KZGPI-1990
471,DR028,"Daun jambu mete muda, segar","16,2","4,6","0,5","3,0",Tunggal,Sayur,DABM-1964
472,DR029,"Daun jampang, segar","5,3","3,8","0,5","1,4",Tunggal,Sayur,KZGPI-1990
473,DR030,"Daun jawaw seluang, segar","15,3","5,0","1,3","3,9",Tunggal,Sayur,KZGMI-2001
474,DR031,"Daun jonghe, segar","4,4","2,1","0,7","2,0",Tunggal,Sayur,KZGPI-1990
475,DR032,"Daun kacang ma, segar","6,8","2,9","0,6","1,8",Tunggal,Sayur,KZGPI-1990
476,DR033,"Daun kacang panjang, segar","5,8","3,1","0,3","1,7",Tunggal,Sayur,KZGPI-1990
477,DR034,"Daun kasbi/singkong karet, segar","10,9","4,0","3,6","5,8",Tunggal,Sayur,KZGMI-2001
478,DR035,"Daun katuk, segar","9,9","6,4","1,0","1,5",Tunggal,Sayur,KZGPI-1990
479,DR036,"Daun kecipir, segar","8,5","5,0","0,5",-,Tunggal,Sayur,DABM-1964
480,DR037,"Daun kedondong, segar","13,4","3,5","0,3","10,7",Tunggal,Sayur,DABM-1964
481,DR038,"Daun kelor, segar","14,3","5,1","1,6","8,2",Tunggal,Sayur,KZGMI-2001
482,DR039,"Daun kemangi, segar","7,5","5,5","0,3","8,4",Tunggal,Sayur,DABM-1964
483,DR040,"Daun kenikir, segar","6,6","3,7","0,5","5,8",Tunggal,Sayur,BKP
484,DR041,"Daun kesum, segar","9,1","4,5","0,8","1,6",Tunggal,Sayur,KZGPI-1990
485,DR042,"Daun kol sawi, segar","3,6","2,1","0,5","0,9",Tunggal,Sayur,KZGPI-1990
486,DR043,"Daun koro, segar","3,7","3,0","0,3",-,Tunggal,Sayur,DABM-1964
487,DR044,"Daun kubis, segar","8,0","2,5","1,1","3,4",Tunggal,Sayur,KZGMI-2001
488,DR045,"Daun kumak, segar","2,3","1,3","0,3","0,9",Tunggal,Sayur,KZGPI-1990
489,DR046,"Daun labu siam, segar","4,7","4,0","0,4","3,5",Tunggal,Sayur,DABM-1964
490,DR047,"Daun labu waluh/kuning, segar","4,5","3,6","0,6","2,9",Tunggal,Sayur,DABM-1964
491,DR048,"Daun lamtoro, segar","14,4","8,3","1,8","3,3",Tunggal,Sayur,KZGPI-1990
492,DR049,"Daun leilem, segar","15,8","2,8","0,2","3,1",Tunggal,Sayur,KZGMI-2001
493,DR050,"Daun leunca, segar","8,1","4,7","0,5",-,Tunggal,Sayur,DABM-1964
494,DR051,"Daun lobak, segar","5,8","2,3","0,4","3,2",Tunggal,Sayur,DKBM-1964
495,DR052,"Daun lompong talas, segar","7,4","3,0","0,8","3,3",Tunggal,Sayur,DABM-1964
496,DR053,"Daun mangkokan, segar","11,8","3,7","0,3",-,Tunggal,Sayur,DABM-1964
497,DR054,"Daun matel ambon, segar","11,5","6,8","1,6","4,6",Tunggal,Sayur,KZGPI-1990
498,DR055,"Daun melinjo, segar","21,3","5,0","1,3","10,3",Tunggal,Sayur,DABM-1964
499,DR056,"Daun mengkudu, segar","11,4","4,0","1,7","3,9",Tunggal,Sayur,KZGPI-1990
500,DR057,"Daun ndusuk, segar","38,8","1,7","0,5","10,7",Tunggal,Sayur,KZGMI-2001
501,DR058,"Daun oyong, segar","5,3","1,0","0,1","2,0",Tunggal,Sayur,DABM-1964
502,DR059,"Daun pakis, segar","6,9","4,5","0,4","2,0",Tunggal,Sayur,KZGPI-1990
503,DR060,"Daun pakis longgiho, segar","3,1","2,2","3,6","2,1",Tunggal,Sayur,KZGMI-2001
504,DR061,"Daun pakis wambateu, segar","7,2","3,4","1,2","4,8",Tunggal,Sayur,KZGMI-2001
505,DR062,"Daun paku, segar","6,5","3,4","0,1","4,3",Tunggal,Sayur,KZGMI-2001
506,DR063,"Daun pangi,segar","17,9","3,9","0,6","8,3",Tunggal,Sayur,KZGMI-2001
507,DR064,"Daun pare, segar","8,4","2,7","1,0","3,0",Tunggal,Sayur,KZGMI-2001
508,DR065,"Daun pepaya, segar","11,9","8,0","2,0","1,5",Tunggal,Sayur,DABM-1964
509,DR066,"Daun pohpohan, segar","6,9","2,5","0,8","2,6",Tunggal,Sayur,KZGPI-1990
510,DR067,"Daun selasih, segar","10,5","4,0","0,5","5,3",Tunggal,Sayur,KZGMI-2001
511,DR068,"Daun semanggi, segar","8,5","4,4","0,5","1,9",Tunggal,Sayur,KZGPI-1990
512,DR069,"Daun simpur, segar","7,6","3,2","2,5","1,6",Tunggal,Sayur,KZGPI-1990
513,DR070,"Daun singkil, segar","15,2","2,0","1,0","3,3",Tunggal,Sayur,KZGPI-1990
514,DR071,"Daun singkong, segar","7,1","6,2","1,1","2,4",Tunggal,Sayur,KZGPI-1990
515,DR072,"Daun singkong ambon, segar","25,2","12,7","1,2","10,2",Tunggal,Sayur,DABM-1964
516,DR073,"Daun singkong ampenan, segar","7,1","6,2","1,1","2,4",Tunggal,Sayur,KZGMI-2001
517,DR074,"Daun singkong kopang, segar","10,7","6,3","0,7","4,6",Tunggal,Sayur,KZGMI-2001
518,DR075,"Daun sintrong, segar","6,1","2,6","0,9","1,7",Tunggal,Sayur,KZGPI-1990
519,DR076,"Daun talas, segar","13,5","3,0","0,4","3,0",Tunggal,Sayur,KZGPI-1990
520,DR077,"Daun tespong, segar","13,9","2,9","0,3","2,3",Tunggal,Sayur,DABM-1964
521,DR078,"Daun ubi kuning, segar","11,1","3,7","0,3","6,4",Tunggal,Sayur,KZGMI-2001
522,DR079,"Daun ubi merah, segar","10,8","3,0","0,3","1,4",Tunggal,Sayur,KZGPI-1990
523,DR080,"Daun ubi putih, segar","8,2","2,8","0,2","4,8",Tunggal,Sayur,KZGMI-2001
524,DR081,"Daun ubi tinta, segar","11,9","1,7","0,1","7,6",Tunggal,Sayur,KZGMI-2001
525,DR082,"Eceng, segar","3,8","1,0","0,2","1,8",Tunggal,Sayur,DABM-1964
526,DR083,"Gambas (oyong), segar","4,1","0,8","0,2","1,3",Tunggal,Sayur,DABM-1964
527,DR084,"Genjer, segar","7,7","1,7","0,2","2,5",Tunggal,Sayur,DABM-1964
528,DR085,"Jagung muda / semi, segar","7,4","2,2","0,1","1,9",Tunggal,Sayur,DABM-1964
529,DR086,Jamur encik,"62,0","9,4","1,1",-,Tunggal,Sayur,KZGMI-2001
530,DR087,"Jamur kuping, kering","64,6","16,0","0,9","46,5",Tunggal,Sayur,DABM-1964
531,DR088,"Jamur kuping, segar","0,9","3,8","0,6","5,1",Tunggal,Sayur,DABM-1964
532,DR089,"Jamur merang, segar","4,0","3,5","0,2","2,4",Tunggal,Sayur,BKP
533,DR090,"Jamur tiram, segar","5,5","1,9","0,1","3,6",Tunggal,Sayur,BKP
534,DR091,Jamur sagu,"2,8","1,9","3,2","1,0",Tunggal,Sayur,KZGMI-2001
535,DR092,"Jantung pisang, segar","7,1","1,2","0,3","3,2",Tunggal,Sayur,DABM-1964
536,DR093,"Jengkol, segar","40,7","5,4","0,3","1,5",Tunggal,Sayur,KZGMI-2001
537,DR094,"Jotang, segar","7,1","1,9","0,3","3,5",Tunggal,Sayur,DABM-1964
538,DR095,"Kabau, segar","25,2","6,7","0,3","2,9",Tunggal,Sayur,KZGMI-2001
539,DR096,"Kacang mekah, polong, segar","3,4","1,1","1,0","1,1",Tunggal,Sayur,KZGPI-1990
540,DR097,"Kacang panjang, segar","5,3","2,3","0,1","2,7",Tunggal,Sayur,KZGMI-2001
541,DR098,Kacang ranti polong,"7,9","3,1","0,2","2,5",Tunggal,Sayur,KZGPI-1990
542,DR099,"Kalakai, segar","6,6","2,4","0,2","5,8",Tunggal,Sayur,KZGMI-2001
543,DR100,"Kangkung, segar","3,9","3,4","0,7","2,0",Tunggal,Sayur,KZGPI-1990
544,DR101,Kangkung tondano,"8,4","1,8","0,2","4,3",Tunggal,Sayur,KZGMI-2001
545,DR102,"Kapri muda, segar","9,0","3,3","0,2","1,8",Tunggal,Sayur,DABM-1964
546,DR103,Karawila,"3,5","2,3","0,2","2,1",Tunggal,Sayur,KZGMI-2001
547,DR104,"Kecipir muda, segar","5,8","2,9","0,2","5,5",Tunggal,Sayur,DABM-1964
548,DR105,"Kecombrang, segar","6,7","0,9","1,0","2,6",Tunggal,Sayur,KZGPI-1990
549,DR106,"Kelawi,kluwih, segar","27,2","1,5","0,3","5,0",Tunggal,Sayur,DABM-1964
550,DR107,"Kembang turi, segar","9,6","1,8","0,6","5,0",Tunggal,Sayur,DABM-1964
551,DR108,"Kerokot, segar","3,8","1,7","0,4","1,0",Tunggal,Sayur,DABM-1964
552,DR109,"Ketimun, segar","1,4","0,2","0,2","0,3",Tunggal,Sayur,KZGPI-1990
553,DR110,"Ketimun krai, segar","2,0","0,5","0,2","0,6",Tunggal,Sayur,KZGPI-1990
554,DR111,"Ketimun madura, segar","1,9","0,5","0,1","0,7",Tunggal,Sayur,KZGPI-1990
555,DR112,"Komak, segar","21,2","3,3","0,1","10,3",Tunggal,Sayur,KZGMI-2001
556,DR113,Kembang Kol,"4,9","2,4","0,2","1,6",Tunggal,Sayur,DABM-1964
557,DR114,"Kol merah, kol putih","5,3","1,4","0,2","1,9",Tunggal,Sayur,DABM-1964
558,DR115,"Koro kerupuk, polong","22,1","8,3","0,7",-,Tunggal,Sayur,DABM-1964
559,DR116,"Koro wedus, polong","7,9","3,0","0,3","3,3",Tunggal,Sayur,DABM-1964
560,DR117,"Kucai, segar","10,3","2,2","0,3","4,8",Tunggal,Sayur,DABM-1964
561,DR118,"Kucai muda (Lokio), segar","7,8","3,8","0,6","4,9",Tunggal,Sayur,DABM-1964
562,DR119,Kulit melinjo,"20,7","4,5","1,1","5,0",Tunggal,Sayur,KZGPI-1990
563,DR120,"Kundur, segar","4,7","0,4","0,2","1,3",Tunggal,Sayur,KZGMI-2001
564,DR121,"Labu air, segar","3,8","0,6","0,2","0,6",Tunggal,Sayur,DABM-1964
565,DR122,"Labu kuning, segar","10,0","1,7","0,5","2,7",Tunggal,Sayur,KZGMI-2001
566,DR123,"Labu siam, segar","6,7","0,6","0,1","6,2",Tunggal,Sayur,DABM-1964
567,DR124,"Labu waluh, segar","6,6","1,1","0,1","0,5",Tunggal,Sayur,DABM-1964
568,DR125,"Lantar, segar","5,5","2,2","0,3","2,9",Tunggal,Sayur,KZGMI-2001
569,DR126,"Lobak, segar","4,2","0,9","0,1","1,4",Tunggal,Sayur,DABM-1964
570,DR127,"Lumai/Leunca, segar","7,6","1,1","0,3","2,0",Tunggal,Sayur,KZGMI-2001
571,DR128,"Melinjo, segar","13,3","5,0","0,7",-,Tunggal,Sayur,DABM-1964
572,DR129,Mostarda metan - sawi hijau,"4,7","2,3","0,5","1,8",Tunggal,Sayur,KZGMI-2001
573,DR130,"Nangka muda, segar","11,3","2,0","0,4","8,3",Tunggal,Sayur,DABM-1964
574,DR131,"Paria putih, segar","3,6","1,0","0,4","1,3",Tunggal,Sayur,KZGPI-1990
575,DR132,"Pepare ular, segar","3,9","0,6","0,1","1,0",Tunggal,Sayur,KZGMI-2001
576,DR133,"Pepaya muda, segar","4,9","2,1","0,1","2,1",Tunggal,Sayur,DABM-1964
577,DR134,"Petai, segar","15,2","5,4","1,1","2,0",Tunggal,Sayur,KZGMI-2001
578,DR135,"Peterseli, segar","9,0","3,7","1,0",-,Tunggal,Sayur,DABM-1964
579,DR136,"Pucuk lumai/daun leunca, segar","2,8","4,5","0,4",-,Tunggal,Sayur,KZGMI-2001
580,DR137,"Putri malu, segar","14,6","3,6","0,3","7,1",Tunggal,Sayur,KZGMI-2001
581,DR138,"Rebung, segar","5,3","0,8","0,1","9,7",Tunggal,Sayur,KZGMI-2001
582,DR139,"Rimbang, segar","15,8","1,6","0,6","10,0",Tunggal,Sayur,KZGMI-2001
583,DR140,Rumput laut,"8,1","1,4","0,3","2,2",Tunggal,Sayur,KZGMI-2001
584,DR141,"Sawi, segar","4,0","2,3","0,3","2,5",Tunggal,Sayur,DABM-1964
585,DR142,"Sawi putih / pecai, segar","1,7","1,0","0,1","0,8",Tunggal,Sayur,KZGPI-1990
586,DR143,"Sawi taiwan, segar","4,4","1,9","0,5","2,7",Tunggal,Sayur,KZGMI-2001
587,DR144,"Sawi tanah, segar","2,9","1,3","0,2","2,2",Tunggal,Sayur,KZGMI-2001
588,DR145,"Selada, segar","2,9","1,2","0,2","1,8",Tunggal,Sayur,DABM-1964
589,DR146,"Selada air, segar","2,2","3,1","0,2","0,7",Tunggal,Sayur,KZGPI-1990
590,DR147,"Seledri, segar","4,6","1,0","0,1","2,0",Tunggal,Sayur,DABM-1964
591,DR148,"Taoge, segar","4,3","3,7","1,2","1,1",Tunggal,Sayur,KZGPI-1990
592,DR149,"Taoge kacang kedelai, segar","6,4","9,0","2,6","0,7",Tunggal,Sayur,DABM-1964
593,DR150,"Taoge kacang tunggak, segar","5,8","5,0","0,2","2,6",Tunggal,Sayur,DABM-1964
594,DR151,"Tebu terubuk (lilin), segar","3,0","4,6","0,4","0,8",Tunggal,Sayur,DABM-1964
595,DR152,"Tekokak, segar","7,9","2,0","0,1","4,9",Tunggal,Sayur,DABM-1964
596,DR153,"Tekokak, kering","72,6","8,3","1,7","21,2",Tunggal,Sayur,DABM-1964
597,DR154,"Terong, segar","5,5","1,1","0,2","2,1",Tunggal,Sayur,DABM-1964
598,DR155,"Terong asam, segar","6,3","2,0","0,4","3,2",Tunggal,Sayur,KZGMI-2001
599,DR156,"Terung belanda, segar","8,6","2,1","1,1","1,4",Tunggal,Sayur,KZGPI-1990
600,DR157,"Terung bengkulu, segar","11,2","1,1","0,4","3,2",Tunggal,Sayur,KZGPI-1990
601,DR158,"Terong hintalo, segar","7,5","1,9","0,8","5,1",Tunggal,Sayur,KZGMI-2001
602,DR159,Terung panjang,"5,3","2,1","0,1","0,5",Tunggal,Sayur,KZGPI-1990
603,DR160,"Tomat, air (sari), segar","3,5","1,0","0,2","0,4",Tunggal,Sayur,DABM-1964
604,DR161,"Tomat merah, segar","4,7","1,3","0,5",-,Tunggal,Sayur,KZGPI-1990
605,DR162,"Tomat muda, segar","3,3","2,0","0,7","1,8",Tunggal,Sayur,DABM-1964
606,DR163,"Uceng/ bunga melinjo, segar","11,7","5,8","1,3","4,8",Tunggal,Sayur,KZGPI-1990
607,DR164,"Umbut kelapa, segar","7,2","2,0","0,2","2,5",Tunggal,Sayur,KZGMI-2001
608,DR165,Umbut rotan,"5,5","2,4","0,3","2,2",Tunggal,Sayur,KZGMI-2001
609,DR166,"Wortel, segar","7,9","1,0","0,6","1,0",Tunggal,Sayur,KZGPI-1990
610,EP001,Barongko,"23,5","3,1","5,8",-,Olahan,Buah,KZGMI-2001
611,EP002,Dodol nanas,"80,3","1,5","1,2",-,Olahan,Buah,KZGMI-2001
612,EP003,Getuk pisang,"34,1","1,1","0,4","0,4",Olahan,Buah,KZGPI-1990
613,EP004,Keripik lampung,"69,7","1,7","22,2","0,6",Olahan,Buah,KZGPI-1990
614,EP005,Ledre pisang,"84,9","4,8","5,1","0,4",Olahan,Buah,KZGPI-1990
615,EP006,Lempog durian,"63,7","3,5","5,7","4,9",Olahan,Buah,KZGPI-1990
616,EP007,Loka anjoro,"30,0","1,1","4,3",-,Olahan,Buah,KZGMI-2001
617,EP008,Rica-rica taipa,"10,0","1,6","0,3",-,Olahan,Buah,KZGMI-2001
618,EP009,Rujak aceh,"19,7","0,4","0,3","2,4",Olahan,Buah,KZGMI-2001
619,EP010,Sale kesemek,"71,4","1,1","0,6",-,Olahan,Buah,KZGMI-2001
620,EP011,Sale pisang siam,"66,1","2,4","0,7","1,0",Olahan,Buah,KZGPI-1990
621,EP012,"Sale pisang, cilacap","66,9","2,3","2,1","1,3",Olahan,Buah,KZGPI-1990
622,EP013,Sanggara belanda,"38,2","6,4","7,1",-,Olahan,Buah,KZGMI-2001
623,EP014,Tepung Pisang,"80,6","2,9","0,4","5,3",Olahan,Buah,BKP
624,EP015,Tepung Sukun,"84,4","2,9","0,5","3,7",Olahan,Buah,BKP
625,ER001,"Alpukat, segar","7,7","0,9","6,5",-,Tunggal,Buah,DABM-1964
626,ER002,"Anggur hutan, segar","6,8","0,5","0,2","1,2",Tunggal,Buah,KZGPI-1990
627,ER003,"Apel malang, segar","12,8","0,5","0,4","0,8",Tunggal,Buah,KZGPI-1990
628,ER004,"Apel, segar","14,9","0,3","0,4","2,6",Tunggal,Buah,DABM-1964
629,ER005,"Arbai, segar","8,3","0,8","0,5",-,Tunggal,Buah,DABM-1964
630,ER006,"Belimbing, segar","8,8","0,4","0,4","3,3",Tunggal,Buah,DABM-1964
631,ER007,"Biwah, segar","12,1","0,3","0,1","0,7",Tunggal,Buah,KZGPI-1990
632,ER008,"Buah atung, segar","5,2","0,8","0,2",-,Tunggal,Buah,DABM-1964
633,ER009,"Buah kelenting, segar","21,4","1,4","2,1",-,Tunggal,Buah,KZGMI-2001
634,ER010,"Buah kom, segar","59,6","4,0","1,1","9,0",Tunggal,Buah,KZGPI-1990
635,ER011,"Buah mentega (Bisbul), segar","9,7","0,7","0,2","2,0",Tunggal,Buah,DABM-1964
636,ER012,"Buah Naga Merah, segar","9,1","1,7","3,1","3,2",Tunggal,Buah,BKP
637,ER013,"Buah Naga Putih, segar","10,9","0,8","1,0","3,2",Tunggal,Buah,BKP
638,ER014,"Buah negri, segar","12,2","1,2","0,1","5,2",Tunggal,Buah,KZGMI-2001
639,ER015,"Buah nona, segar","25,2","1,7","0,6","2,8",Tunggal,Buah,DABM-1964
640,ER016,"Buah rotan, segar","18,2","0,6","0,3",-,Tunggal,Buah,KZGMI-2001
641,ER017,"Buah rukam, segar","26,8","0,8","0,3","7,7",Tunggal,Buah,KZGMI-2001
642,ER018,"Buah ruruhi, segar","3,6","2,1","0,7","2,6",Tunggal,Buah,KZGMI-2001
643,ER019,"Buah tuppa, segar","15,9","0,4","0,2",-,Tunggal,Buah,KZGMI-2001
644,ER020,"Carica papaya, segar","3,7","1,9","0,2","1,0",Tunggal,Buah,KZGPI-1990
645,ER021,"Cempedak, segar","28,6","3,0","0,4","3,4",Tunggal,Buah,DABM-1964
646,ER022,"Duku, segar","16,1","1,0","0,2","4,3",Tunggal,Buah,DABM-1964
647,ER023,"Durian, segar","28,0","2,5","3,0","3,5",Tunggal,Buah,DABM-1964
648,ER024,"Duwet, segar","18,2","0,5","0,6","0,9",Tunggal,Buah,KZGPI-1990
649,ER025,"Embacang, segar","25,4","1,4","0,2","1,9",Tunggal,Buah,DABM-1964
650,ER026,"Encung asam, segar","17,5","3,5","4,5","9,3",Tunggal,Buah,KZGPI-1990
651,ER027,"Erbis, segar","18,9","0,6",-,"7,7",Tunggal,Buah,DABM-1964
652,ER028,Gandaria masak,"18,0","0,7","0,1","2,2",Tunggal,Buah,DABM-1964
653,ER029,"Gatep, segar","39,7","4,5","1,5","13,4",Tunggal,Buah,KZGPI-1990
654,ER030,"Jambu air, segar","11,8","0,6","0,2","2,1",Tunggal,Buah,DABM-1964
655,ER031,Jambu biji,"12,2","0,9","0,3","2,4",Tunggal,Buah,DABM-1964
656,ER032,Jambu biji putih tidak berbiji,"15,4","0,9","0,3","4,5",Tunggal,Buah,KZGPI-1990
657,ER033,"Jambu bol, segar","9,6","2,3","0,2","3,5",Tunggal,Buah,KZGMI-2001
658,ER034,"Jambu monyet, segar","15,8","0,7","0,6","1,2",Tunggal,Buah,DABM-1964
659,ER035,"Jeruk bali, segar","12,4","0,6","0,2","0,8",Tunggal,Buah,DABM-1964
660,ER036,"Jeruk banjar, segar","14,1","0,8","0,2",-,Tunggal,Buah,KZGMI-2001
661,ER037,Jeruk garut-keprok,"10,9","0,8","0,3","1,6",Tunggal,Buah,DABM-1964
662,ER038,"Jeruk Kalamansi, segar","8,9","0,3","0,3","2,3",Tunggal,Buah,BKP
663,ER039,"Jeruk manis, segar","11,2","0,9","0,2","1,4",Tunggal,Buah,DABM-1964
664,ER040,"Jeruk nipis, segar","10,0","0,5","0,2","0,4",Tunggal,Buah,KZGPI-1990
665,ER041,"Jeruk ragi, segar","11,1","0,7","0,2","0,5",Tunggal,Buah,KZGPI-1990
666,ER042,"Kawista, segar","20,8","3,5","2,5","4,6",Tunggal,Buah,KZGPI-1990
667,ER043,"Kedondong masak, segar","10,3","1,0","0,1","2,6",Tunggal,Buah,DABM-1964
668,ER044,"Kedondong, segar","10,4","0,5","0,2","2,7",Tunggal,Buah,KZGMI-2001
669,ER045,"Kelapa hutan, kering","36,5","2,0","52,1","15,3",Tunggal,Buah,KZGMI-2001
670,ER046,"Kelapa muda, daging, segar","14,0","1,0","0,9",-,Tunggal,Buah,DABM-1964
671,ER047,"Kemang, segar","11,9","1,0","0,2","1,7",Tunggal,Buah,DABM-1964
672,ER048,"Kesemek, segar","20,0","0,8","0,4","0,6",Tunggal,Buah,DABM-1964
673,ER049,"Kokosan, segar","13,0","1,6","0,2","1,4",Tunggal,Buah,DABM-1964
674,ER050,"Kranji, segar","73,5","2,1","1,4",-,Tunggal,Buah,KZGPI-1990
675,ER051,"Langsat, segar","14,3","0,9","0,2","1,4",Tunggal,Buah,DABM-1964
676,ER052,"Lemon, segar","6,2","0,5","0,8","0,1",Tunggal,Buah,KZGMI-2001
677,ER053,"Lontar, segar","6,0","0,4","0,2","1,6",Tunggal,Buah,KZGPI-1990
678,ER054,"Mangga, segar","12,3","0,7",-,"1,6",Tunggal,Buah,KZGMI-2001
679,ER055,"Mangga benggala, segar","12,4","2,4","0,4","5,8",Tunggal,Buah,KZGMI-2001
680,ER056,"Mangga gedung, segar","11,2","0,7","0,2","1,6",Tunggal,Buah,DABM-1964
681,ER057,"Mangga golek, segar","16,7","0,5","0,2","2,3",Tunggal,Buah,DABM-1964
682,ER058,"Mangga harumanis, segar","11,9","0,4","0,2","1,7",Tunggal,Buah,DABM-1964
683,ER059,"Mangga indramayu, segar","18,7","0,8","0,2","2,5",Tunggal,Buah,DABM-1964
684,ER060,"Mangga kopek, segar","14,6","0,4","0,2","2,0",Tunggal,Buah,DABM-1964
685,ER061,"Mangga kwini, segar","19,8","0,7","0,5","6,5",Tunggal,Buah,KZGMI-2001
686,ER062,"Mangga manalagi, segar","32,1","1,0","0,1","11,8",Tunggal,Buah,KZGMI-2001
687,ER063,"Mangga muda, segar","15,1","0,5","0,4",-,Tunggal,Buah,DABM-1964
688,ER064,"Manggis, segar","15,6","0,6","0,6","1,5",Tunggal,Buah,DABM-1964
689,ER065,"Markisa, segar","29,8","3,5","1,2","11,4",Tunggal,Buah,KZGPI-1990
690,ER066,"Matoa, segar","21,1","1,2","0,1","0,5",Tunggal,Buah,KZGMI-2001
691,ER067,"Melon, segar","7,8","0,6","0,4","1,0",Tunggal,Buah,BKP
692,ER068,"Menteng, segar","16,1","1,7","0,3",-,Tunggal,Buah,DABM-1964
693,ER069,"Nanas palembang, segar","13,3","0,7","0,2","1,6",Tunggal,Buah,KZGMI-2001
694,ER070,"Nanas, segar","9,9","0,6","0,3","0,6",Tunggal,Buah,KZGPI-1990
695,ER071,"Nangka masak pohon, segar","27,6","1,2","0,3","3,7",Tunggal,Buah,DABM-1964
696,ER072,"Pala, daging, segar","10,9","0,3","0,2","0,5",Tunggal,Buah,DABM-1964
697,ER073,"Pepaya, segar","12,2","0,5","12,0","1,6",Tunggal,Buah,DABM-1964
698,ER074,"Pisang ambon, segar","24,3","1,0","0,8","1,9",Tunggal,Buah,KZGMI-2001
699,ER075,"Pisang angleng (pisang ampyang), segar","17,2","1,3","0,2","0,8",Tunggal,Buah,DABM-1964
700,ER076,"Pisang ayam, segar","26,8","1,1","0,2","4,1",Tunggal,Buah,KZGMI-2001
701,ER077,"Pisang gapi, segar","31,1","2,1","0,3","11,7",Tunggal,Buah,KZGMI-2001
702,ER078,"Pisang goroho, segar","27,9","1,9","0,2","4,6",Tunggal,Buah,KZGMI-2001
703,ER079,"Pisang hijau, segar","28,9","2,0","0,3","0,4",Tunggal,Buah,KZGPI-1990
704,ER080,"Pisang kayu, segar","23,6","1,4","0,5","2,6",Tunggal,Buah,KZGMI-2001
705,ER081,"Pisang kepok, segar","26,3","0,8","0,5","5,7",Tunggal,Buah,KZGMI-2001
706,ER082,"Pisang ketip, segar","34,5","1,1","0,3","6,6",Tunggal,Buah,KZGMI-2001
707,ER083,"Pisang kidang, segar","22,5","1,0","0,2","0,6",Tunggal,Buah,KZGPI-1990
708,ER084,"Pisang lampung, segar","25,6","1,3","0,2","4,3",Tunggal,Buah,DABM-1964
709,ER085,"Pisang mas bali ampenan, segar","21,0","1,4","0,2","3,7",Tunggal,Buah,KZGMI-2001
710,ER086,"Pisang mas bali kopang, segar","31,8","1,4","0,2","3,7",Tunggal,Buah,KZGMI-2001
711,ER087,"Pisang mas, segar","33,6","1,4","0,2","1,4",Tunggal,Buah,DABM-1964
712,ER088,"Pisang raja sereh, segar","28,2","1,3","0,3","0,7",Tunggal,Buah,KZGPI-1990
713,ER089,"Pisang raja, segar","31,8","1,2","0,2","5,3",Tunggal,Buah,DABM-1964
714,ER090,"Pisang rotan, segar","20,5","1,3","1,2","1,0",Tunggal,Buah,KZGPI-1990
715,ER091,"Pisang talas, segar","26,7","1,2","0,2","4,4",Tunggal,Buah,KZGMI-2001
716,ER092,Pisang tujuh bulan,"22,5","0,6","0,2","3,7",Tunggal,Buah,KZGMI-2001
717,ER093,"Pisang ua, segar","30,2","0,8","0,5","8,1",Tunggal,Buah,KZGMI-2001
718,ER094,"Pisang uli, segar","35,5","1,1","0,5","1,4",Tunggal,Buah,KZGPI-1990
719,ER095,"Purut, segar","15,2","4,1","1,1","1,7",Tunggal,Buah,KZGPI-1990
720,ER096,"Rambutan binjai, segar","18,0","0,5","0,2","3,8",Tunggal,Buah,KZGMI-2001
721,ER097,"Rambutan, segar","18,1","0,9","0,1","0,8",Tunggal,Buah,DABM-1964
722,ER098,"Salak bali, segar","13,6","0,5","0,1","1,3",Tunggal,Buah,KZGPI-1990
723,ER099,"Salak medan, segar","12,8","0,4","0,2","3,2",Tunggal,Buah,KZGMI-2001
724,ER100,"Salak pondoh, segar","20,1","0,8","0,4",-,Tunggal,Buah,KZGPI-1990
725,ER101,"Salak, segar","20,9","0,4",-,-,Tunggal,Buah,DABM-1964
726,ER102,"Sawo duren, segar","8,0","1,0","3,1","0,8",Tunggal,Buah,KZGPI-1990
727,ER103,"Sawo kecik, segar","21,6","0,9","2,3","1,0",Tunggal,Buah,KZGPI-1990
728,ER104,"Sawo Manila, segar","22,4","0,5","1,1","9,5",Tunggal,Buah,DABM-1964
729,ER105,"Semangka, segar","6,9","0,5","0,2","0,4",Tunggal,Buah,DABM-1964
730,ER106,"Sirsak, segar","16,3","1,0","0,3","3,2",Tunggal,Buah,DABM-1964
731,ER107,"Sowa, segar","9,1","1,6","0,6","45,0",Tunggal,Buah,KZGMI-2001
732,ER108,"Srikaya, segar","13,9","1,1","0,5","2,1",Tunggal,Buah,KZGPI-1990
733,ER109,"Sukun muda, segar","28,1","1,4","0,2","1,4",Tunggal,Buah,KZGPI-1990
734,ER110,"Sukun tua, segar","24,5","1,6","0,2","1,5",Tunggal,Buah,KZGPI-1990
735,ER111,"Vigus, segar","8,3","2,4","0,1",-,Tunggal,Buah,KZGMI-2001
736,ER112,"Wani, segar","17,1","0,8","0,3","3,1",Tunggal,Buah,KZGPI-1990
737,ER113,"Mentimun Suri, segar","2,1","1,3","0,0","0,9",Tunggal,Buah,PHKA2-2008
738,ER114,"Blewah, segar","8,2","0,8","0,2","0,9",Tunggal,Buah,TGMF-2006
739,FP001,"Ayam, ampela, goreng","9,9","32,3","11,2",-,Olahan,Daging,KZGMS-1993
740,FP002,"Ayam, usus, goreng","13,9","45,2","26,3",-,Olahan,Daging,KZGPI-1990
741,FP003,"Bebek, daging, goreng","4,5","24,0","20,7",-,Olahan,Daging,KZGMI-2001
742,FP004,"Buaya, daging, dendeng, mentah","30,8","49,6","4,8",-,Olahan,Daging,KZGMI-2001
743,FP005,Ham,"0,3","16,9","35,0",-,Olahan,Daging,DABM-1964
744,FP006,"Itik alabio, daging, dendeng, mentah","18,4","30,3","33,5",-,Olahan,Daging,KZGMI-2001
745,FP007,Kerupuk urat,"1,2","53,7","40,9",-,Olahan,Daging,KZGMI-2001
746,FP008,"Menjangan, daging, dendeng, mentah","22,7","55,8","2,0",-,Olahan,Daging,KZGMI-2001
747,FP009,"Punai, daging, goreng","4,4","26,2","11,3",-,Olahan,Daging,KZGMI-2001
748,FP010,"Rusa, daging, dendeng, mentah",-,"40,5","41,5",-,Olahan,Daging,KZGMI-2001
749,FP011,"Sapi, abon","59,3","18,0","10,6","7,5",Olahan,Daging,KZGPI-1990
750,FP012,"Sapi, abon, asli","38,6","14,6","16,1","2,5",Olahan,Daging,KZGPI-1990
751,FP013,"Sapi, daging, asap",-,"32,0","6,0",-,Olahan,Daging,DABM-1964
752,FP014,"Sapi, daging, dendeng, mentah",-,"55,0","9,0",-,Olahan,Daging,DABM-1964
753,FP015,"Sapi, daging, kornet",-,"16,0","25,0",-,Olahan,Daging,DABM-1964
754,FP016,"Sapi, daging, sosis (Worst)","2,3","14,5","42,3",-,Olahan,Daging,DABM-1964
755,FP017,"Sapi, hati, sosis (liverworst)","3,0","16,0","22,0","2,3",Olahan,Daging,DABM-1964
756,FP018,"Sapi, paru, dendeng, mentah","19,2","57,3","6,0",-,Olahan,Daging,KZGMI-2001
757,FP019,"Sapi, paru, goreng","14,5","23,9","12,7",-,Olahan,Daging,KZGMS-1993
758,FP020,"Ulat sagu, panggang","14,9","11,9","30,3","4,8",Olahan,Daging,KZGMI-2001
759,FP021,"Ayam goreng church texas, dada","0,4","35,2","20,6",-,Olahan,Daging,KZGPI-1990
760,FP022,"Ayam goreng church,texas paha","1,7","31,0","15,7",-,Olahan,Daging,KZGPI-1990
761,FP023,"Ayam goreng church texas, sayap","1,5","34,0","16,0",-,Olahan,Daging,KZGPI-1990
762,FP024,"Ayam goreng kalasan, paha","1,3","37,4","12,2",-,Olahan,Daging,KZGPI-1990
763,FP025,"Ayam goreng kentucky, dada","0,1","34,2","16,8",-,Olahan,Daging,KZGPI-1990
764,FP026,"Ayam goreng Kentucky, paha","1,1","32,1","16,1",-,Olahan,Daging,KZGPI-1990
765,FP027,"Ayam goreng Kentucky,sayap","1,6","35,9","15,2",-,Olahan,Daging,KZGPI-1990
766,FP028,Ayam goreng mbok berek dada,"1,0","39,2","13,6",-,Olahan,Daging,KZGPI-1990
767,FP029,"Ayam goreng pasundan, dada","0,7","37,9","9,0",-,Olahan,Daging,KZGPI-1990
768,FP030,"Ayam goreng pasundan, paha","0,3","33,1","11,4",-,Olahan,Daging,KZGPI-1990
769,FP031,"Ayam goreng pioneer, dada","0,6","37,4","14,7",-,Olahan,Daging,KZGPI-1990
770,FP032,"Ayam goreng sukabumi, dada","1,0","36,7","9,2",-,Olahan,Daging,KZGPI-1990
771,FP033,"Ayam goreng sukabumi, paha","0,5","35,7","14,3",-,Olahan,Daging,KZGPI-1990
772,FP034,"Ayam taliwang, masakan","2,7","18,2","20,1",-,Olahan,Daging,KZGMI-2001
773,FP035,"Babi hutan masak rica, masakan","0,2","24,6","16,3",-,Olahan,Daging,KZGMI-2001
774,FP036,Beef burger,"32,5","10,6","9,5","0,4",Olahan,Daging,KZGMS-1993
775,FP037,"Beef teriyaki, masakan","22,3","8,6","3,1","0,3",Olahan,Daging,KZGMS-1993
776,FP038,"Beef yakiniku, masakan","20,7","9,8","1,1","0,3",Olahan,Daging,KZGMS-1993
777,FP039,Brongkos,"12,6","15,3","3,3","1,0",Olahan,Daging,KZGPI-1990
778,FP040,"Bulgogi, masakan","1,4","11,4","4,9","1,7",Olahan,Daging,KZGMS-1993
779,FP041,"Chicken teriyaki, masakan","7,5","13,0","9,6","0,8",Olahan,Daging,KZGMS-1993
780,FP042,"Chikiniku, masakan","22,8","9,8","1,4","0,4",Olahan,Daging,KZGMS-1993
781,FP043,"Coto mangkasara, kuda, masakan","3,8","6,8","5,9",-,Olahan,Daging,KZGMI-2001
782,FP044,"Coto mangkasara, sapi, masakan","1,4","6,0","6,0",-,Olahan,Daging,KZGMI-2001
783,FP045,"Djibokum, masakan","40,9","10,0","2,3","0,1",Olahan,Daging,KZGMS-1993
784,FP046,"Empal (daging) Goreng, masakan","10,1","36,2","6,9",-,Olahan,Daging,KZGMS-1993
785,FP047,Gulai kambing,"6,2","4,2","9,4",-,Olahan,Daging,KZGMI-2001
786,FP048,"Jangang bintatoeng, masakan","16,5","5,3","2,2",-,Olahan,Daging,KZGMI-2001
787,FP049,"Kalio ayam, masakan","4,4","16,0","13,5",-,Olahan,Daging,KZGMS-1993
788,FP050,"Kalio jeroan, masakan","4,1","16,5","9,0",-,Olahan,Daging,KZGMS-1993
789,FP051,"Kalio kikil (tunjang), masakan","3,9","13,8","5,7",-,Olahan,Daging,KZGMS-1993
790,FP052,"Kalio otak, masakan","11,4","8,1","8,8",-,Olahan,Daging,KZGMS-1993
791,FP053,"Lawar babi, masakan","3,0","17,0","10,0",-,Olahan,Daging,KZGPI-1990
792,FP054,"Lawar penyu, masakan","7,6","23,0","1,5",-,Olahan,Daging,KZGPI-1990
793,FP055,"Lawara jangang, masakan","10,1","5,0","10,9",-,Olahan,Daging,KZGMI-2001
794,FP056,"Naan maran sapi, masakan","5,1","38,3","33,9",-,Olahan,Daging,KZGMI-2001
795,FP057,"Nasu likku, masakan","15,9","14,5","8,3",-,Olahan,Daging,KZGMI-2001
796,FP058,"Oramu ninahu ndawa olaho, masakan","4,3","13,7","5,0",-,Olahan,Daging,KZGMI-2001
797,FP059,"Paniki masak santan, masakan","7,2","28,5","35,2",-,Olahan,Daging,KZGMI-2001
798,FP060,"Pelolah manuk, masakan","4,4","19,7","13,6",-,Olahan,Daging,KZGMI-2001
799,FP061,"Rawon, masakan","4,0","5,4","2,5","0,3",Olahan,Daging,KZGPI-1990
800,FP062,"Rendang sapi, masakan","7,8","22,6","7,9",-,Olahan,Daging,KZGPI-1990
801,FP063,"RW, anjing, masakan","0,9","24,6","10,7",-,Olahan,Daging,KZGMI-2001
802,FP064,"Sate, penyu, masakan","13,3","22,5","3,5",-,Olahan,Daging,KZGPI-1990
803,FP065,"Sate pusut, masakan","13,6","12,9","18,6",-,Olahan,Daging,KZGMI-2001
804,FP066,"Penyu, serapah, masakan","2,2","13,1","12,2",-,Olahan,Daging,KZGPI-1990
805,FP067,"Sie reuboh, masakan","11,7","11,2","42,5",-,Olahan,Daging,KZGMI-2001
806,FP068,"Sop buntut, masakan","2,2","7,5","3,6",-,Olahan,Daging,KZGMS-1993
807,FP069,"Sop daging sapi, masakan","5,3","5,8","0,5",-,Olahan,Daging,KZGMS-1993
808,FP070,"Sop kaki sapi, masakan","3,7","9,0","1,9",-,Olahan,Daging,KZGMS-1993
809,FP071,"Sop kambing, masakan","1,1","5,5","0,8",-,Olahan,Daging,KZGMS-1993
810,FP072,"Sop konro, masakan","4,5","7,4","2,6",-,Olahan,Daging,KZGMI-2001
811,FP073,"Sop saudara, masakan","3,9","7,2","5,0",-,Olahan,Daging,KZGMI-2001
812,FP074,"Soto bandung, masakan","2,8","3,9","1,7","0,4",Olahan,Daging,KZGPI-1990
813,FP075,"Soto banjar, masakan","3,2","2,9","9,5",-,Olahan,Daging,KZGMI-2001
814,FP076,"Soto betawi, masakan","11,5","2,5","8,8","0,5",Olahan,Daging,KZGPI-1990
815,FP077,"Soto jeroan, masakan","1,4","11,8","4,3",-,Olahan,Daging,KZGMS-1993
816,FP078,"Soto kudus, masakan","1,8","2,6","2,3","0,2",Olahan,Daging,KZGPI-1990
817,FP079,"Soto madura, masakan","1,3","3,5","4,5",-,Olahan,Daging,KZGPI-1990
818,FP080,"Soto padang, masakan","11,0","5,9","6,6","0,7",Olahan,Daging,KZGPI-1990
819,FP081,"Soto pekalongan, masakan","5,1","3,0","6,8","0,3",Olahan,Daging,KZGPI-1990
820,FP082,"Soto pemalang, masakan","3,5","3,6","5,2",-,Olahan,Daging,KZGPI-1990
821,FP083,"Soto sukaraja, masakan","9,0","3,2","3,5","0,3",Olahan,Daging,KZGPI-1990
822,FP084,"Soto sulung, masakan",-,"2,3","8,5",-,Olahan,Daging,KZGPI-1990
823,FP085,"Sukiyaki, masakan","12,2","5,6","0,4","0,2",Olahan,Daging,KZGMS-1993
824,FP086,"Tedong pallu basa, masakan","2,8","10,4","3,4",-,Olahan,Daging,KZGMI-2001
825,FP087,"Tikus rica, masakan","3,8","18,8","18,5",-,Olahan,Daging,KZGMI-2001
826,FP088,"Tinoransa, masakan",-,"17,7","49,5",-,Olahan,Daging,KZGMI-2001
827,FR001,"Anak sapi, daging, gemuk, segar",-,"18,8","14,0",-,Tunggal,Daging,DABM-1964
828,FR002,"Anak sapi, daging, kurus, segar",-,"19,6","10,0",-,Tunggal,Daging,DABM-1964
829,FR003,"Anak sapi, daging, sedang, segar",-,"19,1","12,0",-,Tunggal,Daging,DABM-1964
830,FR004,"Angsa, daging, segar",-,"16,4","31,5",-,Tunggal,Daging,DABM-1964
831,FR005,"Ayam, daging, segar",-,"18,2","25,0",-,Tunggal,Daging,DABM-1964
832,FR006,"Ayam, dideh/darah, segar","0,7","13,8","1,9",-,Tunggal,Daging,DABM-1964
833,FR007,"Ayam, hati, segar","1,6","27,4","16,1",-,Tunggal,Daging,KZGMS-1993
834,FR008,"Babi, daging, gemuk,segar",-,"11,9","45,0",-,Tunggal,Daging,DABM-1964
835,FR009,"Babi, daging, kurus, segar",-,"14,1","35,0",-,Tunggal,Daging,DABM-1964
836,FR010,"Babi, ginjal, segar","0,8","16,3","4,6",-,Tunggal,Daging,DABM-1964
837,FR011,"Babi, hati, segar","1,7","19,7","4,8",-,Tunggal,Daging,DABM-1964
838,FR012,"Bebek (itik), daging, segar",-,"16,0","28,6",-,Tunggal,Daging,DABM-1964
839,FR013,"Bebek alabio, daging, segar","3,7","11,3","27,0",-,Tunggal,Daging,KZGMI-2001
840,FR014,"Belibis, daging, segar","2,8","20,2","4,3",-,Tunggal,Daging,KZGMI-2001
841,FR015,"Burung, sarang, segar","32,1","37,5","0,3",-,Tunggal,Daging,DABM-1964
842,FR016,"Domba, daging, gemuk, segar",-,"15,7","27,7",-,Tunggal,Daging,DABM-1964
843,FR017,"Domba, daging, kurus, segar",-,"17,1","14,8",-,Tunggal,Daging,DABM-1964
844,FR018,"Domba, ginjal, segar","1,0","16,6","3,3",-,Tunggal,Daging,DABM-1964
845,FR019,"Kambing, daging, segar",-,"16,6","9,2",-,Tunggal,Daging,DABM-1964
846,FR020,"Kelinci, daging, segar",-,"16,9","7,8",-,Tunggal,Daging,FCTEA-1972
847,FR021,"Kerbau, daging, segar",-,"18,7","0,5",-,Tunggal,Daging,DABM-1964
848,FR022,"Kuda, daging, segar","0,9","18,1","4,1",-,Tunggal,Daging,DABM-1964
849,FR023,"Sapi, babat, segar",-,"17,6","4,2",-,Tunggal,Daging,DABM-1964
850,FR024,"Sapi, daging, gemuk, segar",-,"17,5","22,0",-,Tunggal,Daging,DABM-1964
851,FR025,"Sapi, daging, kurus, segar",-,"19,6","10,0",-,Tunggal,Daging,DABM-1964
852,FR026,"Sapi, daging, lemak sedang, segar",-,"18,8","14,0",-,Tunggal,Daging,DABM-1964
853,FR027,"Sapi, daleman, segar","1,4","12,0","14,4",-,Tunggal,Daging,KZGMI-2001
854,FR028,"Sapi, dideh/darah",-,"21,9","1,1",-,Tunggal,Daging,DABM-1964
855,FR029,"Sapi, ginjal, segar","0,9","15,0","8,1",-,Tunggal,Daging,DABM-1964
856,FR030,"Sapi, keleponan, segar","0,2","10,5","4,6",-,Tunggal,Daging,KZGMI-2001
857,FR031,"Sapi, liver, segar","6,0","19,7","3,2",-,Tunggal,Daging,DABM-1964
858,FR032,"Sapi, otak, segar","0,8","10,4","8,6",-,Tunggal,Daging,DABM-1964
859,FR033,"Sapi, usus, segar","1,5","14,0","7,2",-,Tunggal,Daging,DABM-1964
860,FR034,Ulat sagu segar,"5,8","5,8","21,6","2,8",Tunggal,Daging,KZGMI-2001
861,GP001,"Bekicot, dendeng, mentah","15,8","48,7","20,3",-,Olahan,Ikan dsb,KZGPI-1990
862,GP002,"Belut, goreng","32,0","25,9","19,4",-,Olahan,Ikan dsb,KZGPI-1990
863,GP003,"Cumi-cumi, goreng",-,"40,6","10,1",-,Olahan,Ikan dsb,KZGPI-1990
864,GP004,"Ikan asin, kering",-,"42,0","1,5",-,Olahan,Ikan dsb,DABM-1964
865,GP005,"Ikan bandeng presto, masakan","11,3","17,1","20,3",-,Olahan,Ikan dsb,KZGPI-1990
866,GP006,Ikan baung bakar,"5,2","17,8","5,8",-,Olahan,Ikan dsb,KZGMI-2001
867,GP007,Ikan Belida bakar,"7,2","18,0","3,0",-,Olahan,Ikan dsb,KZGMI-2001
868,GP008,"Ikan cakalang asap, mentah","1,9","34,2","5,6",-,Olahan,Ikan dsb,KZGMI-2001
869,GP009,"Ikan cakalang asin, mentah","5,5","36,5","2,2",-,Olahan,Ikan dsb,KZGPI-1990
870,GP010,"Ikan calo/ peda, mentah","3,8","11,4","1,9",-,Olahan,Ikan dsb,KZGPI-1990
871,GP011,"Ikan Gabus asap, mentah","21,9","38,1","2,3",-,Olahan,Ikan dsb,KZGMI-2001
872,GP012,"Ikan Gabus, kering",-,"58,0","4,0",-,Olahan,Ikan dsb,DABM-1964
873,GP013,"Ikan gete, goreng","0,2","23,1","19,4",-,Olahan,Ikan dsb,KZGMI-2001
874,GP014,"Ikan hiu, kering","20,2","46,3","3,6",-,Olahan,Ikan dsb,KZGMI-2001
875,GP015,"Ikan katombo, asin","0,3","31,7","2,8",-,Olahan,Ikan dsb,KZGPI-1990
876,GP016,"Ikan kayu, kering","0,4","70,7","1,9",-,Olahan,Ikan dsb,KZGMI-2001
877,GP017,Ikan Lais bakar,"5,4","17,5","6,5",-,Olahan,Ikan dsb,KZGMI-2001
878,GP018,"Ikan lomak asin, mentah","18,9","40,3","2,3",-,Olahan,Ikan dsb,KZGMI-2001
879,GP019,Ikan Mas pepes,"11,8","15,2","11,3","0,5",Olahan,Ikan dsb,KZGPI-1990
880,GP020,Ikan mujahir goreng,-,"46,9","23,9",-,Olahan,Ikan dsb,KZGPI-1990
881,GP021,Ikan Mujahir pepes,"0,8","21,7","2,8",-,Olahan,Ikan dsb,KZGPI-1990
882,GP022,"Ikan mujahir, dendeng, mentah","37,2","68,3","15,2",-,Olahan,Ikan dsb,KZGPI-1990
883,GP023,"Ikan Papuyu, bakar","6,7","17,6","6,1",-,Olahan,Ikan dsb,KZGMI-2001
884,GP024,"Ikan Patin, bakar","4,3","17,5","6,3",-,Olahan,Ikan dsb,KZGMI-2001
885,GP025,"Ikan peda banjar, mentah","2,0","28,0","4,0",-,Olahan,Ikan dsb,DABM-1964
886,GP026,"Ikan pepetek, mentah","2,0","32,0","4,4",-,Olahan,Ikan dsb,DABM-60/64
887,GP027,"Ikan Pindang banjar, mentah","1,8","28,0","4,2",-,Olahan,Ikan dsb,DABM-60/64
888,GP028,"Ikan Pindang benggol, mentah",-,"31,0","4,2",-,Olahan,Ikan dsb,DABM-60/64
889,GP029,"Ikan Pindang layang, mentah",-,"30,0","2,8",-,Olahan,Ikan dsb,DABM-60/64
890,GP030,"Ikan Pindang selar, mentah",-,"27,0","3,0",-,Olahan,Ikan dsb,DABM-60/64
891,GP031,"Ikan sale lais, mentah","2,9","61,3","17,6",-,Olahan,Ikan dsb,KZGPI-1990
892,GP032,"Ikan saluang, kering, mentah","14,6","34,1","9,9",-,Olahan,Ikan dsb,KZGMI-2001
893,GP033,"Ikan sanggang, masakan","20,7","21,7","7,7",-,Olahan,Ikan dsb,KZGMI-2001
894,GP034,"Ikan selar kuning, cue, mentah",-,"27,0","3,3",-,Olahan,Ikan dsb,DABM-1964
895,GP035,"Ikan selar, kering, mentah",-,"38,0","3,5",-,Olahan,Ikan dsb,DABM-60/64
896,GP036,"Ikan sepat, kering, mentah",-,"38,0","14,0",-,Olahan,Ikan dsb,DABM-60/64
897,GP037,"Ikan sunu, asin, mentah","7,1","34,1","3,8",-,Olahan,Ikan dsb,KZGMI-2001
898,GP038,"Ikan, tepung, mentah","22,4","60,1","6,5",-,Olahan,Ikan dsb,KZGPI-1990
899,GP039,"Ikan Teri nasi, kering, mentah",-,"32,5","0,6",-,Olahan,Ikan dsb,DABM-60/64
900,GP040,"Ikan Teri, bubuk, mentah","1,8","60,0","2,3",-,Olahan,Ikan dsb,DABM-60/64
901,GP041,"Ikan teri, kering, mentah",-,"33,4","3,0",-,Olahan,Ikan dsb,DABM-60/64
902,GP042,"Ikan Teri, kering, tawar, mentah",-,"68,7","4,2",-,Olahan,Ikan dsb,DABM-60/64
903,GP043,"Ikan Teri, tepung, mentah","19,6","48,8","6,4",-,Olahan,Ikan dsb,KZGPI-1990
904,GP044,"Kerang, asap, mentah","29,4","38,9","13,3",-,Olahan,Ikan dsb,KZGMI-2001
905,GP045,"Kerang, dendeng, mentah","25,6","41,1","10,0",-,Olahan,Ikan dsb,KZGPI-1990
906,GP046,"Rebon, kering, mentah","3,2","59,4","3,6",-,Olahan,Ikan dsb,DABM-60/64
907,GP047,"Rebung laut, mentah","63,3","7,2","4,2",-,Olahan,Ikan dsb,KZGMI-2001
908,GP048,Rusip,"11,7","11,5","2,0",-,Olahan,Ikan dsb,KZGPI-1990
909,GP049,Sardines dalam kaleng,"1,0","21,1","27,0",-,Olahan,Ikan dsb,DABM-60/64
910,GP050,"Teripang, dendeng, mentah","3,5","39,1","32,4",-,Olahan,Ikan dsb,KZGPI-1990
911,GP051,"Udang kering, mentah","2,2","62,6","4,1",-,Olahan,Ikan dsb,KZGMI-2001
912,GP052,"Udang papay, mentah","12,5","47,8","3,8",-,Olahan,Ikan dsb,KZGMI-2001
913,GP053,Abon haruwan,"21,3","23,7","37,0",-,Olahan,Ikan dsb,KZGMI-2001
914,GP054,Abon ikan,"36,1","27,2","20,2",-,Olahan,Ikan dsb,KZGMI-2001
915,GP055,"Betok wadi, masakan","4,1","16,3","7,0",-,Olahan,Ikan dsb,KZGMI-2001
916,GP056,"Bou ninahu ndamate, masakan","1,1","6,3","1,0",-,Olahan,Ikan dsb,KZGMI-2001
917,GP057,"Bouiki ninahu nggaluku, masakan","10,8","7,8","2,2",-,Olahan,Ikan dsb,KZGMI-2001
918,GP058,Cakalang asar (asap papua),"10,2","20,1","3,8",-,Olahan,Ikan dsb,KZGMI-2001
919,GP059,"Dendeng belut, goreng","8,0","55,7","14,1",-,Olahan,Ikan dsb,KZGPI-1990
920,GP060,"Dendeng mujahir, goreng","9,2","74,3","26,9",-,Olahan,Ikan dsb,KZGPI-1990
921,GP061,Fillet o-fish,"19,3","12,3","15,9","0,2",Olahan,Ikan dsb,KZGMS-1993
922,GP062,"Gete kuah asam, masakan","6,0","8,2","2,0",-,Olahan,Ikan dsb,KZGMI-2001
923,GP063,"Gulai asam keueung, masakan","1,8","10,0","0,5",-,Olahan,Ikan dsb,KZGMI-2001
924,GP064,"Gulai ikan paya, masakan","5,0","10,0","9,8",-,Olahan,Ikan dsb,KZGMI-2001
925,GP065,"Gulai ikan, masakan","2,5","16,5","3,3",-,Olahan,Ikan dsb,KZGMS-1993
926,GP066,"Gulai keumamah, masakan","3,2","5,9","8,2",-,Olahan,Ikan dsb,KGZMI-2001
927,GP067,"Gulai tiram, masakan","7,8","9,0","7,2",-,Olahan,Ikan dsb,KZGMI-2001
928,GP068,"Gurame asem manis, masakan","12,7","12,7","10,1",-,Olahan,Ikan dsb,KZGPI-1990
929,GP069,"Ikan asar merah, masakan","5,6","17,7","5,9",-,Olahan,Ikan dsb,KZGMI-2001
930,GP070,Jambal goreng,"2,3","48,5","9,2",-,Olahan,Ikan dsb,KZGMS-1993
931,GP071,"Jukku pallu kaloa, masakan","8,8","15,2","4,3",-,Olahan,Ikan dsb,KZGMI-2001
932,GP072,"Kaholeo, masakan","29,8","28,7","19,8",-,Olahan,Ikan dsb,KZGMI-2001
933,GP073,"Lawara penjah, masakan","9,6","7,4","15,4",-,Olahan,Ikan dsb,KZGMI-2001
934,GP074,"Model, masakan","8,6","2,2","4,0",-,Olahan,Ikan dsb,KZGMI-2001
935,GP075,"Mujahir acar kuning, masakan","12,1","17,8","23,4","1,1",Olahan,Ikan dsb,KZGPI-1990
936,GP076,"Parede baleh, masakan","5,5","10,5","2,5",-,Olahan,Ikan dsb,KZGMI-2001
937,GP077,Pempek adaan,"27,8","4,9","3,0",-,Olahan,Ikan dsb,KZGMI-2001
938,GP078,Pempek belida,"31,6","4,2","1,4","0,2",Olahan,Ikan dsb,KZGPI-1990
939,GP079,Pempek kapal selam,"28,2","4,5","2,3",-,Olahan,Ikan dsb,KZGMI-2001
940,GP080,Pempek kelesan,"26,6","12,3","6,1","0,4",Olahan,Ikan dsb,KZGPI-1990
941,GP081,Pempek kulit,"39,1","5,2","7,3",-,Olahan,Ikan dsb,KZGMI-2001
942,GP082,Pempek telur,"28,3","4,7","2,7",-,Olahan,Ikan dsb,KZGMI-2001
943,GP083,Pempek tenggiri,"33,4","7,2","1,2","0,2",Olahan,Ikan dsb,KZGPI-1990
944,GP084,"Pencok lele, masakan","3,5","7,8","36,3",-,Olahan,Ikan dsb,KZGPI-1990
945,GP085,"Pinda, masakan","0,4","15,9","0,6",-,Olahan,Ikan dsb,KZGMI-2001
946,GP086,"Pindang kenari, masakan",-,"9,5","9,6",-,Olahan,Ikan dsb,KZGMI-2001
947,GP087,"Saboko gurita, masakan","2,6","15,7","1,5",-,Olahan,Ikan dsb,KZGMI-2001
948,GP088,"Saboko saltan, masakan","3,0","17,1","3,6",-,Olahan,Ikan dsb,KZGMI-2001
949,GP089,"Saboko sardin, masakan","4,9","12,9","4,3",-,Olahan,Ikan dsb,KZGMI-2001
950,GP090,Sate Bandeng,"20,9","12,1","16,8","2,0",Olahan,Ikan dsb,BKP
951,GP091,"Sepi, masakan","10,6","7,9","1,6",-,Olahan,Ikan dsb,KZGMI-2001
952,GP092,Tekwan,"9,4","1,9","0,9",-,Olahan,Ikan dsb,KZGMI-2001
953,GP093,"Teri balado, masakan","17,5","23,7","22,3",-,Olahan,Ikan dsb,KZGPI-1990
954,GP094,Tumis bandeng,"0,6","11,3","15,7",-,Olahan,Ikan dsb,KZGMI-2001
955,GP095,Tumis keumamah,"15,5","14,5","20,0","4,5",Olahan,Ikan dsb,KGZMI-2001
956,GR001,"Ikan bader, segar",-,"19,0","13,0",-,Tunggal,Ikan dsb,DABM-1964
957,GR002,"Ikan balong, segar","1,5","16,5","3,9",-,Tunggal,Ikan dsb,KZGPI-1990
958,GR003,"Ikan bambangan, segar","3,7","20,0","1,3",-,Tunggal,Ikan dsb,KZGPI-1990
959,GR004,"Ikan bandeng, segar",-,"20,0","4,8",-,Tunggal,Ikan dsb,DABM-1964
960,GR005,"Ikan banjar, segar","4,8","19,4","0,9",-,Tunggal,Ikan dsb,KZGPI-1990
961,GR006,"Ikan baronang, segar","3,7","14,5","0,6",-,Tunggal,Ikan dsb,KZGMI-2001
962,GR007,"Ikan batung, segar","4,2","14,5","4,6",-,Tunggal,Ikan dsb,KZGMI-2001
963,GR008,"Ikan baung, segar","3,3","15,1","5,5",-,Tunggal,Ikan dsb,KZGMI-2001
964,GR009,"Ikan bawal, segar",-,"19,0","1,7",-,Tunggal,Ikan dsb,DABM-1964
965,GR010,"Ikan Belida, segar","2,2","14,7","1,4",-,Tunggal,Ikan dsb,KZGMI-2001
966,GR011,"Belut, segar","1,0","14,6","0,8",-,Tunggal,Ikan dsb,KZGMI-2001
967,GR012,"Belut,laut, segar","6,1","12,8","1,5",-,Tunggal,Ikan dsb,KZGPI-1990
968,GR013,"Ikan beunteur, segar",-,"17,0","4,0",-,Tunggal,Ikan dsb,DABM-1964
969,GR014,"Ikan biawan, segar","2,1","14,9","2,5",-,Tunggal,Ikan dsb,KZGMI-2001
970,GR015,"Ikan bili, segar","6,2","14,2","0,7",-,Tunggal,Ikan dsb,KZGMI-2001
971,GR016,"Ikan bubara, segar","4,9","14,7","2,4",-,Tunggal,Ikan dsb,KZGMI-2001
972,GR017,"Ikan bulan-bulan, segar","5,0","25,5","1,3",-,Tunggal,Ikan dsb,KZGMI-2001
973,GR018,"Ikan, cakalang, segar","5,5","19,6","0,7",-,Tunggal,Ikan dsb,KZGMI-2001
974,GR019,"Ikan cakalang, hati, segar","10,0","11,3","3,9",-,Tunggal,Ikan dsb,KZGMI-2001
975,GR020,"Ikan cakalang, jantung, segar","10,2","11,2","1,2",-,Tunggal,Ikan dsb,KZGMI-2001
976,GR021,"Ikan cakalang, perut, segar","8,7","10,2","1,1",-,Tunggal,Ikan dsb,KZGMI-2001
977,GR022,"Cumi-cumi, segar","0,1","16,1","0,7",-,Tunggal,Ikan dsb,KZGPI-1990
978,GR023,"Ikan daun, segar","4,6","11,5","4,1",-,Tunggal,Ikan dsb,KZGMI-2001
979,GR024,"Ikan ekor kuning, segar","2,1","22,3","1,2",-,Tunggal,Ikan dsb,KZGMI-2001
980,GR025,"Ikan gabus, segar","2,6","16,2","0,5",-,Tunggal,Ikan dsb,KZGMI-2001
981,GR026,"Ikan Heu, segar","6,6","10,0","1,6",-,Tunggal,Ikan dsb,KZGMI-2001
982,GR027,"Ikan hitam, segar","6,7","10,3","3,7",-,Tunggal,Ikan dsb,KZGMI-2001
983,GR028,"Ikan hiu, segar","2,2","10,7","0,3",-,Tunggal,Ikan dsb,KZGPI-1990
984,GR029,"Ikan kacangan, segar","1,6","15,6","0,9",-,Tunggal,Ikan dsb,KZGPI-1990
985,GR030,"Ikan kakap, segar",-,"20,0","0,7",-,Tunggal,Ikan dsb,DABM-1964
986,GR031,"Ikan kakatua, segar","6,4","11,4","1,2",-,Tunggal,Ikan dsb,KZGMI-2001
987,GR032,"Ikan kalaban, segar","1,3","16,4","0,7",-,Tunggal,Ikan dsb,KZGMI-2001
988,GR033,"Ikan Kamera, segar",-,"19,7","0,8",-,Tunggal,Ikan dsb,KZGMI-2001
989,GR034,"Ikan kapar, segar","0,8","17,0","6,7",-,Tunggal,Ikan dsb,KZGMI-2001
990,GR035,"Ikan kawalinya, segar","5,4","12,6","4,2",-,Tunggal,Ikan dsb,KZGMI-2001
991,GR036,"Ikan oci, kembung, segar","2,2","21,3","3,4",-,Tunggal,Ikan dsb,KZGMI-2001
992,GR037,"Keong, segar","2,0","12,0","1,0",-,Tunggal,Ikan dsb,DABM-1964
993,GR038,"Kepiting, segar","14,1","13,8","3,8",-,Tunggal,Ikan dsb,DABM-1964
994,GR039,"Kerang, segar","3,9","14,4","2,6",-,Tunggal,Ikan dsb,KZGPI-1990
995,GR040,"Ikan keru-keru, segar","0,8","16,5","2,1",-,Tunggal,Ikan dsb,KZGPI-1990
996,GR041,"Ikan kima, segar","5,2","10,8","0,7",-,Tunggal,Ikan dsb,KZGMI-2001
997,GR042,"Kodok, segar",-,"16,4","0,3",-,Tunggal,Ikan dsb,DABM-1964
998,GR043,"Kura-kura, segar",-,"19,1","0,2",-,Tunggal,Ikan dsb,DABM-1964
999,GR044,"Kuro, segar","1,0","16,0","2,2",-,Tunggal,Ikan dsb,KZGPI-1990
1000,GR045,"Ikan lais, segar","2,4","11,9","11,5",-,Tunggal,Ikan dsb,KZGPI-1990
1001,GR046,"Ikan layang, segar",-,"22,0","1,7",-,Tunggal,Ikan dsb,DABM-1964
1002,GR047,"Ikan layur, segar","0,4","18,0","1,0",-,Tunggal,Ikan dsb,KZGPI-1990
1003,GR048,"Ikan lehoma, segar",-,"20,4","0,9",-,Tunggal,Ikan dsb,KZGMI-2001
1004,GR049,"Ikan lemuru, segar",-,"20,0","3,0",-,Tunggal,Ikan dsb,DABM-1964
1005,GR050,"Ikan lidah, segar","2,0","15,6","3,2",-,Tunggal,Ikan dsb,KZGPI-1990
1006,GR051,"Lokan, segar","5,1","11,0","1,7",-,Tunggal,Ikan dsb,KZGMI-2001
1007,GR052,"Ikan malalugis, segar","0,9","20,6","1,4",-,Tunggal,Ikan dsb,KZGMI-2001
1008,GR053,"Ikan mamar merah, segar","4,4","15,3","4,0",-,Tunggal,Ikan dsb,KZGMI-2001
1009,GR054,"Ikan mas, segar",-,"16,0","2,0",-,Tunggal,Ikan dsb,DABM-1964
1010,GR055,"Ikan mayong, segar","0,4","17,9","2,0",-,Tunggal,Ikan dsb,KZGPI-1990
1011,GR056,"Ikan mujahir, segar",-,"18,7","1,0",-,Tunggal,Ikan dsb,KZGPI-1990
1012,GR057,"Ikan nasu metti, segar","10,5","16,8","5,0",-,Tunggal,Ikan dsb,KZGMI-2001
1013,GR058,"Ikan paling, segar",-,"14,0","27,0",-,Tunggal,Ikan dsb,DABM-1964
1014,GR059,"Ikan papuyu/ betok, segar","4,6","14,3","4,9",-,Tunggal,Ikan dsb,KZGMI-2001
1015,GR060,"Ikan Patin, segar","1,1","17,0","6,6",-,Tunggal,Ikan dsb,KZGMI-2001
1016,GR061,"Ikan pomo, segar","2,6","22,5","5,2",-,Tunggal,Ikan dsb,KZGMI-2001
1017,GR062,"Ikan Puntin, segar","2,2","14,4","1,1",-,Tunggal,Ikan dsb,KZGMI-2001
1018,GR063,"Rajungan, segar","2,4","12,1","2,0",-,Tunggal,Ikan dsb,KZGMI-2001
1019,GR064,"Rebon, udang kecil, segar","0,7","16,2","1,2",-,Tunggal,Ikan dsb,DABM-1964
1020,GR065,"Ikan saluang, segar","3,4","13,9","4,9",-,Tunggal,Ikan dsb,KZGMI-2001
1021,GR066,"Ikan sarden, segar","3,4","19,9","1,8",-,Tunggal,Ikan dsb,KZGMI-2001
1022,GR067,"Ikan selar, segar",-,"18,8","2,2",-,Tunggal,Ikan dsb,DABM-1964
1023,GR068,"Ikan sepat, segar","4,7","15,2","0,6",-,Tunggal,Ikan dsb,KZGMI-2001
1024,GR069,"Ikan sidat, segar","3,8","11,4","1,9",-,Tunggal,Ikan dsb,KZGPI-1990
1025,GR070,"Ikan sunu, segar","6,7","13,3","3,4",-,Tunggal,Ikan dsb,KZGMI-2001
1026,GR071,"Ikan tahuman, segar","4,1","15,9","0,9",-,Tunggal,Ikan dsb,KZGMI-2001
1027,GR072,"Ikan Sale, segar","4,9","40,2","39,3","2,0",Tunggal,Ikan dsb,BKP
1028,GR073,"Ikan tarmon, segar","2,0","19,5","1,1",-,Tunggal,Ikan dsb,KZGMI-2001
1029,GR074,"Ikan telan, segar","6,5","15,8","0,7",-,Tunggal,Ikan dsb,KZGMI-2001
1030,GR075,"Ikan tembang, segar",-,"16,0","15,0",-,Tunggal,Ikan dsb,DABM-1964
1031,GR076,"Ikan tempahas, segar","1,0","15,1","4,1",-,Tunggal,Ikan dsb,KZGMI-2001
1032,GR077,"Ikan terbang, segar","1,0","19,6","1,7",-,Tunggal,Ikan dsb,KZGMI-2001
1033,GR078,"Ikan teri, segar","4,1","10,3","1,4",-,Tunggal,Ikan dsb,KZGPI-1990
1034,GR079,"Ikan titang, segar","2,3","17,4","0,4",-,Tunggal,Ikan dsb,KZGMI-2001
1035,GR080,"Ikan tongkol, segar","8,0","13,7","1,5",-,Tunggal,Ikan dsb,KZGMI-2001
1036,GR081,"Ikan turi, segar","0,2","19,2","2,0",-,Tunggal,Ikan dsb,KZGMI-2001
1037,GR082,"Udang, besar, segar","1,2","11,4","0,6",-,Tunggal,Ikan dsb,KZGMI-2001
1038,GR083,"Udang galah, segar","3,0","16,5","0,3",-,Tunggal,Ikan dsb,KZGMI-2001
1039,GR084,"Udang, segar","0,1","21,0","0,2",-,Tunggal,Ikan dsb,DABM-1964
1040,HP001,"Telur ayam, dadar, masakan","1,4","16,3","19,4",-,Olahan,Telur,KZGPI-1990
1041,HP002,"Telur bebek, asin, mentah","4,4","13,6","13,3",-,Olahan,Telur,DABM-60/64
1042,HP003,"Telur bebek, dadar, masakan",-,"20,0","23,7",-,Olahan,Telur,KZGPI-1990
1043,HP004,"Ikan, telur, asin, mentah","9,4","20,7","26,4",-,Olahan,Telur,KZGMI-2001
1044,HP005,"Bayau mi balu, masakan","44,8","6,0","12,2",-,Olahan,Telur,KGZMI-2001
1045,HP006,"Cucuru bayau, masakan","38,3","6,8","18,7",-,Olahan,Telur,KGZMI-2001
1046,HP007,"Kalio telur, masakan","9,7","10,6","12,4",-,Olahan,Telur,KZGMS-1993
1047,HR001,"Telur ayam kampung, segar","1,2","10,8","14,0",-,Tunggal,Telur,KZGMI-2001
1048,HR002,"Telur ayam ras, segar","0,7","12,4","10,8",-,Tunggal,Telur,KZGPI-1990
1049,HR003,"Telur ayam ras, bagian kuning, segar","0,7","16,3","31,9",-,Tunggal,Telur,DABM-1964
1050,HR004,"Telur ayam ras, bagian putih, segar","0,8","10,8",-,-,Tunggal,Telur,DABM-1964
1051,HR005,"Telur bebek alabio, segar","3,0","11,8","14,2",-,Tunggal,Telur,KZGMI-2001
1052,HR006,"Telur bebek, bagian kuning, segar","0,8","17,0","35,0",-,Tunggal,Telur,DABM-1964
1053,HR007,"Telur bebek, bagian putih, segar","0,8","11,0",-,-,Tunggal,Telur,DABM-1964
1054,HR008,"Telur bebek tambak, segar","7,9","10,9","12,4",-,Tunggal,Telur,KZGMI-2001
1055,HR009,"Telur burung maleo, segar","0,4","26,5","36,3",-,Tunggal,Telur,KZGMI-2001
1056,HR010,"Telur penyu, segar","2,7","8,6","10,1",-,Tunggal,Telur,KZGMI-2001
1057,HR011,"Telur burung puyuh, segar","1,6","10,7","7,0",-,Tunggal,Telur,FCTEA-1972
1058,JP001,Es krim,"20,6","4,0","12,5",-,Olahan,Susu,DABM-1964
1059,JP002,Hangop,"3,5","10,0","1,0",-,Olahan,Susu,DABM-1964
1060,JP003,Keju,"13,1","22,8","20,3",-,Olahan,Susu,DABM-1964
1061,JP004,Kwark (Quark),"3,0","19,0","17,0",-,Olahan,Susu,DABM-1964
1062,JP005,"Susu asam untuk bayi, bubuk","65,5","19,0","9,0",-,Olahan,Susu,DABM-1964
1063,JP006,Susu bubuk,"36,2","24,6","30,0",-,Olahan,Susu,DABM-1964
1064,JP007,Susu kental manis,"55,0","8,2","10,0",-,Olahan,Susu,DABM-1964
1065,JP008,Susu kental tak manis,"9,9","7,0","7,9",-,Olahan,Susu,DABM-1964
1066,JP009,"Susu skim, bubuk","52,0","35,6","1,0",-,Olahan,Susu,DABM-1964
1067,JP010,"Susu skim, segar","5,1","3,5","0,1",-,Olahan,Susu,DABM-1964
1068,JP011,"Yoghurt, segar","4,0","3,3","2,5",-,Olahan,Susu,DABM-1964
1069,JR001,"Kepala susu - krim, segar","4,0","2,6","20,0",-,Tunggal,Susu,DABM-1964
1070,JR002,Susu ibu - ASI,"7,0","1,5","3,2",-,Tunggal,Susu,FCTEA-1972
1071,JR003,"Susu kambing, segar","6,6","4,3","2,3",-,Tunggal,Susu,DABM-1964
1072,JR004,"Susu kerbau, segar","7,1","6,3","12,0",-,Tunggal,Susu,DABM-1964
1073,JR005,"Susu kuda, segar","5,4","2,0","1,1",-,Tunggal,Susu,FCTEA-1972
1074,JR006,"Susu sapi, segar","4,3","3,2","3,5",-,Tunggal,Susu,DABM-1964
1075,KP001,Margarin,"0,4","0,6","81,0",-,Olahan,Lemak,DABM-1964
1076,KP002,Mentega,"1,4","0,5","81,6",-,Olahan,Lemak,DABM-1964
1077,KP003,Santan (dengan air),"7,6","2,0","10,0","1,4",Olahan,Lemak,DABM-1964
1078,KP004,Santan murni,"5,6","4,2","34,3",-,Olahan,Lemak,DABM-1964
1079,KR001,"Kelapa setengah tua, daging, segar","10,0","4,0","15,0","2,4",Tunggal,Lemak,DABM-1964
1080,KR002,"Kelapa tua, daging, segar","14,0","3,4","34,7","4,7",Tunggal,Lemak,DABM-1964
1081,KR003,Lemak babi (lard),-,-,"100,0",-,Tunggal,Lemak,DABM-1964
1082,KR004,Lemak babi (bacon),"1,1","9,1","65,0",-,Tunggal,Lemak,DABM-1964
1083,KR005,Lemak ikan,"14,4","12,0","29,4",-,Tunggal,Lemak,KZGMI-2001
1084,KR006,Lemak kerbau (lemak sapi),-,"1,5","90,0",-,Tunggal,Lemak,DABM-1964
1085,KR007,"Minyak hiu, hati",-,-,"100,0",-,Tunggal,Lemak,DABM-1964
1086,KR008,Minyak ikan,-,-,"100,0",-,Tunggal,Lemak,DABM-1964
1087,KR009,Minyak kacang tanah,-,-,"100,0",-,Tunggal,Lemak,DABM-1964
1088,KR010,Minyak kedelai,-,-,"99,9",-,Tunggal,Lemak,FCTEA-1972
1089,KR011,Minyak kelapa,-,"1,0","98,0",-,Tunggal,Lemak,DABM-1964
1090,KR012,Minyak kelapa sawit,-,-,"100,0",-,Tunggal,Lemak,DABM-1964
1091,KR013,Minyak wijen,-,"0,2","99,7",-,Tunggal,Lemak,FCTEA-1972
1092,KR014,Minyak Zaitun,-,-,"100,0",-,Tunggal,Lemak,DABM-1964
1093,MP001,"Coklat manis, batang","62,7","2,0","29,8","6,5",Olahan,Gula,DABM-1964
1094,MP002,"Coklat pahit,batang","29,2","5,5","42,6","10,8",Olahan,Gula,DABM-1964
1095,MP003,"Coklat susu, batang","53,6","9,0","35,0","3,4",Olahan,Gula,DABM-1964
1096,MP004,Coklat bubuk,"48,9","8,0","4,0","32,6",Olahan,Gula,DABM-1964
1097,MP005,Gula aren,"92,0",-,-,-,Olahan,Gula,DABM-1964
1098,MP006,Gula kelapa,"76,0","3,0","10,0",-,Olahan,Gula,DABM-1964
1099,MP007,Gula putih,"94,0",-,-,-,Olahan,Gula,DABM-1964
1100,MP008,"Jam, selai","64,5","0,5","0,6","1,0",Olahan,Gula,DABM-1964
1101,MP009,Kopi bubuk instant,"35,0","12,3","0,5",-,Olahan,Gula,FCTEA-1972
1102,MP010,Madu,"79,5","0,3",-,"0,2",Olahan,Gula,DABM-1964
1103,MP011,Markisa squash,"49,6","2,5","1,0",-,Olahan,Gula,KZGMI-2001
1104,MP012,"Markisa squash, BD","23,7","1,2","0,5",-,Olahan,Gula,KZGMI-2001
1105,MP013,Melase,"71,0",-,"0,1",-,Olahan,Gula,DABM-1964
1106,MP014,Sirup,"55,0",-,-,-,Olahan,Gula,DABM-1964
1107,MP015,Sirup pirous,"55,9","0,2","0,4",-,Olahan,Gula,KZGMI-2001
1108,MP016,Teh hijau daun kering,"53,6","28,3","4,8","9,6",Olahan,Gula,FCTEA-1972
1109,MP017,Teh hitam daun kering,"58,8","24,5","2,8","8,7",Olahan,Gula,FCTEA-1972
1110,MP018,Teh melati daun kering,"59,0","24,1","3,5","9,7",Olahan,Gula,FCTEA-1972
1111,NP001,Balichong,"22,9","13,2","0,8","1,5",Olahan,Bumbu,KZGMI-2001
1112,NP002,Bekasam,"6,1","11,9","4,9","3,5",Olahan,Bumbu,KZGMI-2001
1113,NP003,Bekasang,"3,6","11,4","2,0","0,4",Olahan,Bumbu,KZGMI-2001
1114,NP004,Cuka,"5,0","0,1","0,1",-,Olahan,Bumbu,DABM-1964
1115,NP005,Kecap,"9,0","5,7","1,3",-,Olahan,Bumbu,DABM-1964
1116,NP006,Petis ikan,"20,8","20,0","0,2",-,Olahan,Bumbu,DABM-1964
1117,NP007,Petis udang kering,"59,3","23,8","1,4",-,Olahan,Bumbu,KZGPI-1990
1118,NP008,Petis udang pasta,"38,0","15,0","0,9","2,3",Olahan,Bumbu,DABM-1964
1119,NP009,Saos tomat,"24,5","2,0","0,4","0,9",Olahan,Bumbu,DABM-1964
1120,NP010,Tempoya,"21,9","1,7","1,3","2,6",Olahan,Bumbu,KZGMI-2001
1121,NP011,Terasi,"9,9","22,3","2,9","2,7",Olahan,Bumbu,KZGPI-1990
1122,NP012,Terasi dobo,"6,6","33,1","3,6","1,6",Olahan,Bumbu,KZGMI-2001
1123,NP013,Terasi merah,"5,6","30,0","3,5","2,2",Olahan,Bumbu,DABM-1964
1124,NR001,"Asam arang coklat, segar","30,9","0,5","1,1","1,5",Tunggal,Bumbu,KZGPI-1990
1125,NR002,"Asam arang merah, segar","20,3","0,8","1,6","2,8",Tunggal,Bumbu,KZGPI-1990
1126,NR003,"Asam kandis, kering","63,3","0,9","1,6","5,0",Tunggal,Bumbu,KZGPI-1990
1127,NR004,"Asam kandis, segar","16,1","0,2","1,1","3,4",Tunggal,Bumbu,KZGPI-1990
1128,NR005,"Asam masak pohon, segar","62,5","2,8","0,6","1,2",Tunggal,Bumbu,DABM-1964
1129,NR006,"Asam payak, segar","32,1","0,8","0,4","10,0",Tunggal,Bumbu,KZGPI-1990
1130,NR007,"Bawang merah, segar","9,2","1,5","0,3","1,7",Tunggal,Bumbu,DABM-1964
1131,NR008,"Bawang putih, segar","23,1","4,5","0,2","0,6",Tunggal,Bumbu,DABM-1964
1132,NR009,"Boros kunci, segar","7,2","1,0","0,8","1,0",Tunggal,Bumbu,DABM-1964
1133,NR010,"Boros laja (lengkuas), segar","4,7","1,0","0,3","1,1",Tunggal,Bumbu,DABM-1964
1134,NR011,"Cabai gembor merah, segar","6,3","1,6","0,8","1,6",Tunggal,Bumbu,KZGPI-1990
1135,NR012,"Cabai hijau, segar","5,2","0,7","0,3","2,6",Tunggal,Bumbu,DABM-1964
1136,NR013,"Cabai merah, kering","61,8","15,9","6,2","26,9",Tunggal,Bumbu,DABM-1964
1137,NR014,"Cabai merah, segar","7,3","1,0","0,3","1,4",Tunggal,Bumbu,DABM-1964
1138,NR015,"Cabai rawit, segar","19,9","4,7","2,4","15,2",Tunggal,Bumbu,DABM-1964
1139,NR016,"Cengkeh, kering","57,4","5,2","8,9","10,0",Tunggal,Bumbu,DABM-1964
1140,NR017,"Daun salam, bubuk","49,0","14,2","10,9","9,4",Tunggal,Bumbu,FCTEA-1972
1141,NR018,"Jahe, segar","10,1","1,5","1,0","12,0",Tunggal,Bumbu,DABM-1964
1142,NR019,Kemiri,"8,0","19,0","63,0","3,0",Tunggal,Bumbu,DABM-1964
1143,NR020,"Ketumbar, kering","54,2","14,1","16,1","12,3",Tunggal,Bumbu,DABM-1964
1144,NR021,Kluwek,"13,5","10,0","24,0",-,Tunggal,Bumbu,DABM-1964
1145,NR022,"Kunyit, segar","9,1","2,0","2,7","0,6",Tunggal,Bumbu,DABM-1964
1146,NR023,"Merica, kering","64,4","11,5","6,8","1,0",Tunggal,Bumbu,DABM-1964
1147,NR024,"Pala, biji, kering","40,1","7,5","36,4","3,5",Tunggal,Bumbu,DABM-1964
1148,QR001,"Kelapa muda, air, segar","3,8","0,2","0,1",-,Tunggal,Minuman,DABM-1964
